location_id;node_id
110002;municipality:110002
110004;municipality:110004
110006;municipality:110006
110012;municipality:110012
110020;municipality:110020
110028;municipality:110028
110030;municipality:110030
110034;municipality:110034
110045;municipality:110045
110092;municipality:110092
120001;municipality:120001
120025;municipality:120025
120040;municipality:120040
130040;municipality:130040
130083;municipality:130083
130185;municipality:130185
130250;municipality:130250
130255;municipality:130255
130260;municipality:130260
130420;municipality:130420
140005;municipality:140005
140010;municipality:140010
140020;municipality:140020
140047;municipality:140047
150034;municipality:150034
150040;municipality:150040
150080;municipality:150080
150140;municipality:150140
150178;municipality:150178
150215;municipality:150215
150240;municipality:150240
150270;municipality:150270
150293;municipality:150293
150295;municipality:150295
150310;municipality:150310
150340;municipality:150340
150380;municipality:150380
150420;municipality:150420
150503;municipality:150503
150548;municipality:150548
150553;municipality:150553
150563;municipality:150563
150613;municipality:150613
150616;municipality:150616
150618;municipality:150618
150660;municipality:150660
150680;municipality:150680
150730;municipality:150730
150808;municipality:150808
150810;municipality:150810
150840;municipality:150840
160030;municipality:160030
160060;municipality:160060
170210;municipality:170210
170240;municipality:170240
170255;municipality:170255
170600;municipality:170600
170700;municipality:170700
170820;municipality:170820
170930;municipality:170930
170950;municipality:170950
171200;municipality:171200
171330;municipality:171330
171610;municipality:171610
171665;municipality:171665
171670;municipality:171670
171790;municipality:171790
171820;municipality:171820
171845;municipality:171845
171865;municipality:171865
172010;municipality:172010
172049;municipality:172049
172080;municipality:172080
172090;municipality:172090
172100;municipality:172100
172110;municipality:172110
210005;municipality:210005
210140;municipality:210140
210150;municipality:210150
210325;municipality:210325
210380;municipality:210380
210530;municipality:210530
210542;municipality:210542
210550;municipality:210550
210725;municipality:210725
210750;municipality:210750
210800;municipality:210800
211020;municipality:211020
211102;municipality:211102
211120;municipality:211120
211130;municipality:211130
211230;municipality:211230
211260;municipality:211260
211270;municipality:211270
220095;municipality:220095
220220;municipality:220220
220245;municipality:220245
220500;municipality:220500
220580;municipality:220580
220605;municipality:220605
221100;municipality:221100
221150;municipality:221150
221170;municipality:221170
230040;municipality:230040
230370;municipality:230370
230426;municipality:230426
230440;municipality:230440
230470;municipality:230470
230550;municipality:230550
230730;municipality:230730
230840;municipality:230840
230850;municipality:230850
230890;municipality:230890
230920;municipality:230920
230950;municipality:230950
231090;municipality:231090
231240;municipality:231240
231300;municipality:231300
231350;municipality:231350
231360;municipality:231360
240325;municipality:240325
240810;municipality:240810
240860;municipality:240860
240895;municipality:240895
241200;municipality:241200
241250;municipality:241250
241270;municipality:241270
250040;municipality:250040
250320;municipality:250320
250700;municipality:250700
250750;municipality:250750
250770;municipality:250770
250970;municipality:250970
251080;municipality:251080
251130;municipality:251130
251210;municipality:251210
251274;municipality:251274
251370;municipality:251370
251385;municipality:251385
251450;municipality:251450
251620;municipality:251620
260100;municipality:260100
260120;municipality:260120
260200;municipality:260200
260320;municipality:260320
260380;municipality:260380
260410;municipality:260410
260620;municipality:260620
260640;municipality:260640
260660;municipality:260660
260720;municipality:260720
260750;municipality:260750
260760;municipality:260760
260790;municipality:260790
260880;municipality:260880
260960;municipality:260960
261000;municipality:261000
261020;municipality:261020
261030;municipality:261030
261070;municipality:261070
261100;municipality:261100
261160;municipality:261160
261320;municipality:261320
261485;municipality:261485
270030;municipality:270030
270290;municipality:270290
270420;municipality:270420
270430;municipality:270430
270470;municipality:270470
270860;municipality:270860
270910;municipality:270910
280030;municipality:280030
280067;municipality:280067
280210;municipality:280210
280300;municipality:280300
280330;municipality:280330
280480;municipality:280480
280550;municipality:280550
280570;municipality:280570
280600;municipality:280600
280740;municipality:280740
290070;municipality:290070
290160;municipality:290160
290290;municipality:290290
290450;municipality:290450
290460;municipality:290460
290520;municipality:290520
290600;municipality:290600
290620;municipality:290620
290750;municipality:290750
290880;municipality:290880
291005;municipality:291005
291072;municipality:291072
291080;municipality:291080
291170;municipality:291170
291230;municipality:291230
291360;municipality:291360
291390;municipality:291390
291400;municipality:291400
291520;municipality:291520
291600;municipality:291600
291640;municipality:291640
291730;municipality:291730
291750;municipality:291750
291800;municipality:291800
291810;municipality:291810
291835;municipality:291835
291840;municipality:291840
291950;municipality:291950
291955;municipality:291955
291995;municipality:291995
292040;municipality:292040
292110;municipality:292110
292120;municipality:292120
292150;municipality:292150
292190;municipality:292190
292240;municipality:292240
292280;municipality:292280
292350;municipality:292350
292360;municipality:292360
292400;municipality:292400
292430;municipality:292430
292510;municipality:292510
292520;municipality:292520
292525;municipality:292525
292640;municipality:292640
292690;municipality:292690
292740;municipality:292740
292880;municipality:292880
292890;municipality:292890
292905;municipality:292905
292990;municipality:292990
293135;municipality:293135
293180;municipality:293180
293220;municipality:293220
293250;municipality:293250
293330;municipality:293330
310010;municipality:310010
310130;municipality:310130
310160;municipality:310160
310190;municipality:310190
310260;municipality:310260
310350;municipality:310350
310400;municipality:310400
310420;municipality:310420
310450;municipality:310450
310560;municipality:310560
310620;municipality:310620
310710;municipality:310710
310720;municipality:310720
310790;municipality:310790
310830;municipality:310830
310840;municipality:310840
310890;municipality:310890
310910;municipality:310910
310930;municipality:310930
310970;municipality:310970
310980;municipality:310980
311030;municipality:311030
311050;municipality:311050
311070;municipality:311070
311100;municipality:311100
311110;municipality:311110
311120;municipality:311120
311160;municipality:311160
311240;municipality:311240
311260;municipality:311260
311410;municipality:311410
311430;municipality:311430
311440;municipality:311440
311455;municipality:311455
311510;municipality:311510
311550;municipality:311550
311640;municipality:311640
311720;municipality:311720
311730;municipality:311730
311760;municipality:311760
311820;municipality:311820
311860;municipality:311860
311870;municipality:311870
311880;municipality:311880
311900;municipality:311900
311920;municipality:311920
311930;municipality:311930
311990;municipality:311990
312020;municipality:312020
312120;municipality:312120
312125;municipality:312125
312230;municipality:312230
312240;municipality:312240
312300;municipality:312300
312360;municipality:312360
312420;municipality:312420
312430;municipality:312430
312510;municipality:312510
312610;municipality:312610
312700;municipality:312700
312710;municipality:312710
312770;municipality:312770
312810;municipality:312810
312840;municipality:312840
312860;municipality:312860
312870;municipality:312870
312890;municipality:312890
312910;municipality:312910
312950;municipality:312950
312970;municipality:312970
312990;municipality:312990
313080;municipality:313080
313130;municipality:313130
313140;municipality:313140
313160;municipality:313160
313210;municipality:313210
313240;municipality:313240
313250;municipality:313250
313290;municipality:313290
313300;municipality:313300
313310;municipality:313310
313340;municipality:313340
313360;municipality:313360
313390;municipality:313390
313420;municipality:313420
313440;municipality:313440
313480;municipality:313480
313490;municipality:313490
313630;municipality:313630
313670;municipality:313670
313750;municipality:313750
313753;municipality:313753
313780;municipality:313780
313820;municipality:313820
313862;municipality:313862
313900;municipality:313900
313930;municipality:313930
314180;municipality:314180
314260;municipality:314260
314270;municipality:314270
314280;municipality:314280
314290;municipality:314290
314310;municipality:314310
314320;municipality:314320
314330;municipality:314330
314340;municipality:314340
314370;municipality:314370
314410;municipality:314410
314510;municipality:314510
314560;municipality:314560
314600;municipality:314600
314655;municipality:314655
314700;municipality:314700
314710;municipality:314710
314720;municipality:314720
314730;municipality:314730
314790;municipality:314790
314795;municipality:314795
314800;municipality:314800
314810;municipality:314810
314870;municipality:314870
314980;municipality:314980
315050;municipality:315050
315070;municipality:315070
315100;municipality:315100
315120;municipality:315120
315160;municipality:315160
315170;municipality:315170
315180;municipality:315180
315213;municipality:315213
315240;municipality:315240
315250;municipality:315250
315260;municipality:315260
315280;municipality:315280
315340;municipality:315340
315420;municipality:315420
315550;municipality:315550
315690;municipality:315690
315770;municipality:315770
315780;municipality:315780
315895;municipality:315895
315920;municipality:315920
315980;municipality:315980
316130;municipality:316130
316170;municipality:316170
316210;municipality:316210
316240;municipality:316240
316250;municipality:316250
316294;municipality:316294
316370;municipality:316370
316470;municipality:316470
316490;municipality:316490
316510;municipality:316510
316530;municipality:316530
316540;municipality:316540
316553;municipality:316553
316557;municipality:316557
316580;municipality:316580
316680;municipality:316680
316690;municipality:316690
316720;municipality:316720
316810;municipality:316810
316860;municipality:316860
316870;municipality:316870
316930;municipality:316930
316940;municipality:316940
316960;municipality:316960
316970;municipality:316970
316990;municipality:316990
317010;municipality:317010
317020;municipality:317020
317040;municipality:317040
317070;municipality:317070
317075;municipality:317075
317090;municipality:317090
317100;municipality:317100
317160;municipality:317160
317170;municipality:317170
320060;municipality:320060
320120;municipality:320120
320130;municipality:320130
320150;municipality:320150
320240;municipality:320240
320245;municipality:320245
320270;municipality:320270
320320;municipality:320320
320370;municipality:320370
320490;municipality:320490
320500;municipality:320500
320520;municipality:320520
320530;municipality:320530
330030;municipality:330030
330045;municipality:330045
330070;municipality:330070
330095;municipality:330095
330170;municipality:330170
330200;municipality:330200
330225;municipality:330225
330240;municipality:330240
330285;municipality:330285
330320;municipality:330320
330340;municipality:330340
330380;municipality:330380
330395;municipality:330395
330420;municipality:330420
330440;municipality:330440
330455;municipality:330455
330460;municipality:330460
330480;municipality:330480
330510;municipality:330510
330520;municipality:330520
330550;municipality:330550
330630;municipality:330630
350010;municipality:350010
350020;municipality:350020
350030;municipality:350030
350040;municipality:350040
350050;municipality:350050
350055;municipality:350055
350060;municipality:350060
350070;municipality:350070
350075;municipality:350075
350080;municipality:350080
350090;municipality:350090
350100;municipality:350100
350110;municipality:350110
350115;municipality:350115
350120;municipality:350120
350130;municipality:350130
350140;municipality:350140
350150;municipality:350150
350160;municipality:350160
350170;municipality:350170
350180;municipality:350180
350190;municipality:350190
350200;municipality:350200
350210;municipality:350210
350220;municipality:350220
350230;municipality:350230
350240;municipality:350240
350250;municipality:350250
350260;municipality:350260
350270;municipality:350270
350275;municipality:350275
350280;municipality:350280
350290;municipality:350290
350300;municipality:350300
350310;municipality:350310
350315;municipality:350315
350320;municipality:350320
350330;municipality:350330
350335;municipality:350335
350340;municipality:350340
350350;municipality:350350
350360;municipality:350360
350370;municipality:350370
350380;municipality:350380
350390;municipality:350390
350395;municipality:350395
350400;municipality:350400
350410;municipality:350410
350420;municipality:350420
350430;municipality:350430
350440;municipality:350440
350450;municipality:350450
350460;municipality:350460
350470;municipality:350470
350480;municipality:350480
350490;municipality:350490
350500;municipality:350500
350510;municipality:350510
350520;municipality:350520
350530;municipality:350530
350535;municipality:350535
350540;municipality:350540
350550;municipality:350550
350560;municipality:350560
350570;municipality:350570
350580;municipality:350580
350590;municipality:350590
350600;municipality:350600
350610;municipality:350610
350620;municipality:350620
350630;municipality:350630
350635;municipality:350635
350640;municipality:350640
350650;municipality:350650
350660;municipality:350660
350670;municipality:350670
350680;municipality:350680
350690;municipality:350690
350700;municipality:350700
350710;municipality:350710
350715;municipality:350715
350720;municipality:350720
350730;municipality:350730
350740;municipality:350740
350745;municipality:350745
350750;municipality:350750
350760;municipality:350760
350770;municipality:350770
350775;municipality:350775
350780;municipality:350780
350790;municipality:350790
350800;municipality:350800
350810;municipality:350810
350820;municipality:350820
350830;municipality:350830
350840;municipality:350840
350850;municipality:350850
350860;municipality:350860
350870;municipality:350870
350880;municipality:350880
350890;municipality:350890
350900;municipality:350900
350910;municipality:350910
350920;municipality:350920
350925;municipality:350925
350930;municipality:350930
350940;municipality:350940
350945;municipality:350945
350950;municipality:350950
350960;municipality:350960
350970;municipality:350970
350980;municipality:350980
350990;municipality:350990
350995;municipality:350995
351000;municipality:351000
351010;municipality:351010
351015;municipality:351015
351020;municipality:351020
351030;municipality:351030
351040;municipality:351040
351050;municipality:351050
351060;municipality:351060
351070;municipality:351070
351080;municipality:351080
351090;municipality:351090
351100;municipality:351100
351110;municipality:351110
351120;municipality:351120
351130;municipality:351130
351140;municipality:351140
351150;municipality:351150
351160;municipality:351160
351170;municipality:351170
351190;municipality:351190
351200;municipality:351200
351210;municipality:351210
351220;municipality:351220
351230;municipality:351230
351240;municipality:351240
351250;municipality:351250
351260;municipality:351260
351270;municipality:351270
351280;municipality:351280
351290;municipality:351290
351300;municipality:351300
351310;municipality:351310
351320;municipality:351320
351330;municipality:351330
351340;municipality:351340
351350;municipality:351350
351360;municipality:351360
351370;municipality:351370
351380;municipality:351380
351385;municipality:351385
351390;municipality:351390
351400;municipality:351400
351410;municipality:351410
351420;municipality:351420
351430;municipality:351430
351440;municipality:351440
351450;municipality:351450
351460;municipality:351460
351470;municipality:351470
351480;municipality:351480
351490;municipality:351490
351492;municipality:351492
351495;municipality:351495
351500;municipality:351500
351510;municipality:351510
351512;municipality:351512
351515;municipality:351515
351518;municipality:351518
351519;municipality:351519
351520;municipality:351520
351530;municipality:351530
351535;municipality:351535
351540;municipality:351540
351550;municipality:351550
351560;municipality:351560
351565;municipality:351565
351570;municipality:351570
351580;municipality:351580
351590;municipality:351590
351600;municipality:351600
351610;municipality:351610
351620;municipality:351620
351630;municipality:351630
351640;municipality:351640
351650;municipality:351650
351660;municipality:351660
351670;municipality:351670
351680;municipality:351680
351685;municipality:351685
351690;municipality:351690
351700;municipality:351700
351710;municipality:351710
351720;municipality:351720
351730;municipality:351730
351740;municipality:351740
351750;municipality:351750
351760;municipality:351760
351770;municipality:351770
351780;municipality:351780
351790;municipality:351790
351800;municipality:351800
351810;municipality:351810
351820;municipality:351820
351830;municipality:351830
351840;municipality:351840
351850;municipality:351850
351860;municipality:351860
351870;municipality:351870
351880;municipality:351880
351885;municipality:351885
351890;municipality:351890
351900;municipality:351900
351905;municipality:351905
351907;municipality:351907
351910;municipality:351910
351920;municipality:351920
351925;municipality:351925
351930;municipality:351930
351940;municipality:351940
351950;municipality:351950
351960;municipality:351960
351970;municipality:351970
351980;municipality:351980
351990;municipality:351990
352000;municipality:352000
352010;municipality:352010
352020;municipality:352020
352030;municipality:352030
352040;municipality:352040
352042;municipality:352042
352044;municipality:352044
352050;municipality:352050
352060;municipality:352060
352070;municipality:352070
352080;municipality:352080
352090;municipality:352090
352100;municipality:352100
352110;municipality:352110
352115;municipality:352115
352120;municipality:352120
352130;municipality:352130
352140;municipality:352140
352150;municipality:352150
352160;municipality:352160
352170;municipality:352170
352180;municipality:352180
352190;municipality:352190
352200;municipality:352200
352210;municipality:352210
352215;municipality:352215
352220;municipality:352220
352230;municipality:352230
352240;municipality:352240
352250;municipality:352250
352260;municipality:352260
352265;municipality:352265
352270;municipality:352270
352280;municipality:352280
352290;municipality:352290
352300;municipality:352300
352310;municipality:352310
352320;municipality:352320
352330;municipality:352330
352340;municipality:352340
352350;municipality:352350
352360;municipality:352360
352370;municipality:352370
352380;municipality:352380
352390;municipality:352390
352400;municipality:352400
352410;municipality:352410
352420;municipality:352420
352430;municipality:352430
352440;municipality:352440
352450;municipality:352450
352460;municipality:352460
352470;municipality:352470
352480;municipality:352480
352490;municipality:352490
352500;municipality:352500
352510;municipality:352510
352520;municipality:352520
352530;municipality:352530
352540;municipality:352540
352550;municipality:352550
352560;municipality:352560
352570;municipality:352570
352580;municipality:352580
352585;municipality:352585
352590;municipality:352590
352600;municipality:352600
352610;municipality:352610
352620;municipality:352620
352630;municipality:352630
352640;municipality:352640
352650;municipality:352650
352660;municipality:352660
352670;municipality:352670
352680;municipality:352680
352690;municipality:352690
352700;municipality:352700
352710;municipality:352710
352720;municipality:352720
352725;municipality:352725
352730;municipality:352730
352740;municipality:352740
352750;municipality:352750
352760;municipality:352760
352770;municipality:352770
352780;municipality:352780
352790;municipality:352790
352800;municipality:352800
352810;municipality:352810
352820;municipality:352820
352830;municipality:352830
352840;municipality:352840
352850;municipality:352850
352860;municipality:352860
352870;municipality:352870
352880;municipality:352880
352885;municipality:352885
352890;municipality:352890
352900;municipality:352900
352910;municipality:352910
352920;municipality:352920
352930;municipality:352930
352940;municipality:352940
352950;municipality:352950
352960;municipality:352960
352965;municipality:352965
352970;municipality:352970
352980;municipality:352980
352990;municipality:352990
353000;municipality:353000
353010;municipality:353010
353020;municipality:353020
353030;municipality:353030
353040;municipality:353040
353050;municipality:353050
353060;municipality:353060
353070;municipality:353070
353080;municipality:353080
353090;municipality:353090
353100;municipality:353100
353110;municipality:353110
353120;municipality:353120
353130;municipality:353130
353140;municipality:353140
353150;municipality:353150
353160;municipality:353160
353170;municipality:353170
353180;municipality:353180
353190;municipality:353190
353200;municipality:353200
353205;municipality:353205
353210;municipality:353210
353215;municipality:353215
353220;municipality:353220
353230;municipality:353230
353240;municipality:353240
353250;municipality:353250
353260;municipality:353260
353270;municipality:353270
353280;municipality:353280
353282;municipality:353282
353284;municipality:353284
353286;municipality:353286
353290;municipality:353290
353300;municipality:353300
353310;municipality:353310
353320;municipality:353320
353325;municipality:353325
353330;municipality:353330
353340;municipality:353340
353350;municipality:353350
353360;municipality:353360
353370;municipality:353370
353380;municipality:353380
353390;municipality:353390
353400;municipality:353400
353410;municipality:353410
353420;municipality:353420
353430;municipality:353430
353440;municipality:353440
353450;municipality:353450
353460;municipality:353460
353470;municipality:353470
353475;municipality:353475
353480;municipality:353480
353490;municipality:353490
353500;municipality:353500
353510;municipality:353510
353520;municipality:353520
353530;municipality:353530
353540;municipality:353540
353550;municipality:353550
353560;municipality:353560
353570;municipality:353570
353580;municipality:353580
353590;municipality:353590
353600;municipality:353600
353610;municipality:353610
353620;municipality:353620
353625;municipality:353625
353630;municipality:353630
353640;municipality:353640
353650;municipality:353650
353657;municipality:353657
353660;municipality:353660
353670;municipality:353670
353680;municipality:353680
353690;municipality:353690
353700;municipality:353700
353710;municipality:353710
353715;municipality:353715
353720;municipality:353720
353730;municipality:353730
353740;municipality:353740
353750;municipality:353750
353760;municipality:353760
353770;municipality:353770
353780;municipality:353780
353790;municipality:353790
353800;municipality:353800
353810;municipality:353810
353820;municipality:353820
353830;municipality:353830
353850;municipality:353850
353860;municipality:353860
353870;municipality:353870
353880;municipality:353880
353890;municipality:353890
353900;municipality:353900
353910;municipality:353910
353920;municipality:353920
353930;municipality:353930
353940;municipality:353940
353950;municipality:353950
353960;municipality:353960
353970;municipality:353970
353980;municipality:353980
353990;municipality:353990
354000;municipality:354000
354010;municipality:354010
354020;municipality:354020
354025;municipality:354025
354030;municipality:354030
354040;municipality:354040
354050;municipality:354050
354060;municipality:354060
354070;municipality:354070
354075;municipality:354075
354080;municipality:354080
354085;municipality:354085
354090;municipality:354090
354100;municipality:354100
354105;municipality:354105
354110;municipality:354110
354120;municipality:354120
354130;municipality:354130
354140;municipality:354140
354150;municipality:354150
354160;municipality:354160
354165;municipality:354165
354170;municipality:354170
354180;municipality:354180
354190;municipality:354190
354200;municipality:354200
354210;municipality:354210
354220;municipality:354220
354230;municipality:354230
354240;municipality:354240
354250;municipality:354250
354260;municipality:354260
354270;municipality:354270
354280;municipality:354280
354290;municipality:354290
354300;municipality:354300
354310;municipality:354310
354320;municipality:354320
354323;municipality:354323
354325;municipality:354325
354330;municipality:354330
354340;municipality:354340
354350;municipality:354350
354360;municipality:354360
354370;municipality:354370
354380;municipality:354380
354390;municipality:354390
354400;municipality:354400
354410;municipality:354410
354420;municipality:354420
354425;municipality:354425
354430;municipality:354430
354440;municipality:354440
354450;municipality:354450
354460;municipality:354460
354470;municipality:354470
354480;municipality:354480
354490;municipality:354490
354500;municipality:354500
354510;municipality:354510
354515;municipality:354515
354520;municipality:354520
354530;municipality:354530
354540;municipality:354540
354550;municipality:354550
354560;municipality:354560
354570;municipality:354570
354580;municipality:354580
354600;municipality:354600
354610;municipality:354610
354620;municipality:354620
354625;municipality:354625
354630;municipality:354630
354640;municipality:354640
354650;municipality:354650
354660;municipality:354660
354670;municipality:354670
354680;municipality:354680
354690;municipality:354690
354700;municipality:354700
354710;municipality:354710
354720;municipality:354720
354730;municipality:354730
354740;municipality:354740
354750;municipality:354750
354760;municipality:354760
354765;municipality:354765
354770;municipality:354770
354780;municipality:354780
354790;municipality:354790
354800;municipality:354800
354805;municipality:354805
354810;municipality:354810
354820;municipality:354820
354830;municipality:354830
354840;municipality:354840
354850;municipality:354850
354860;municipality:354860
354870;municipality:354870
354880;municipality:354880
354890;municipality:354890
354900;municipality:354900
354910;municipality:354910
354920;municipality:354920
354925;municipality:354925
354930;municipality:354930
354940;municipality:354940
354950;municipality:354950
354960;municipality:354960
354970;municipality:354970
354980;municipality:354980
354990;municipality:354990
354995;municipality:354995
355000;municipality:355000
355010;municipality:355010
355020;municipality:355020
355030;municipality:355030
355040;municipality:355040
355050;municipality:355050
355060;municipality:355060
355070;municipality:355070
355080;municipality:355080
355090;municipality:355090
355100;municipality:355100
355110;municipality:355110
355120;municipality:355120
355130;municipality:355130
355140;municipality:355140
355150;municipality:355150
355160;municipality:355160
355170;municipality:355170
355180;municipality:355180
355190;municipality:355190
355200;municipality:355200
355210;municipality:355210
355220;municipality:355220
355230;municipality:355230
355240;municipality:355240
355250;municipality:355250
355255;municipality:355255
355260;municipality:355260
355270;municipality:355270
355280;municipality:355280
355290;municipality:355290
355300;municipality:355300
355310;municipality:355310
355320;municipality:355320
355330;municipality:355330
355340;municipality:355340
355350;municipality:355350
355360;municipality:355360
355365;municipality:355365
355370;municipality:355370
355380;municipality:355380
355385;municipality:355385
355390;municipality:355390
355395;municipality:355395
355400;municipality:355400
355410;municipality:355410
355420;municipality:355420
355430;municipality:355430
355440;municipality:355440
355450;municipality:355450
355460;municipality:355460
355465;municipality:355465
355470;municipality:355470
355475;municipality:355475
355480;municipality:355480
355490;municipality:355490
355495;municipality:355495
355500;municipality:355500
355510;municipality:355510
355520;municipality:355520
355530;municipality:355530
355535;municipality:355535
355540;municipality:355540
355550;municipality:355550
355560;municipality:355560
355570;municipality:355570
355580;municipality:355580
355590;municipality:355590
355600;municipality:355600
355610;municipality:355610
355620;municipality:355620
355630;municipality:355630
355635;municipality:355635
355640;municipality:355640
355645;municipality:355645
355650;municipality:355650
355660;municipality:355660
355670;municipality:355670
355680;municipality:355680
355690;municipality:355690
355695;municipality:355695
355700;municipality:355700
355710;municipality:355710
355715;municipality:355715
355720;municipality:355720
355730;municipality:355730
410020;municipality:410020
410140;municipality:410140
410180;municipality:410180
410220;municipality:410220
410240;municipality:410240
410480;municipality:410480
410550;municipality:410550
410640;municipality:410640
410650;municipality:410650
410690;municipality:410690
410710;municipality:410710
410730;municipality:410730
410765;municipality:410765
410830;municipality:410830
410880;municipality:410880
410940;municipality:410940
410980;municipality:410980
411050;municipality:411050
411140;municipality:411140
411150;municipality:411150
411180;municipality:411180
411190;municipality:411190
411230;municipality:411230
411290;municipality:411290
411350;municipality:411350
411370;municipality:411370
411520;municipality:411520
411560;municipality:411560
411690;municipality:411690
411790;municipality:411790
411840;municipality:411840
411980;municipality:411980
411990;municipality:411990
412100;municipality:412100
412240;municipality:412240
412320;municipality:412320
412330;municipality:412330
412400;municipality:412400
412410;municipality:412410
412625;municipality:412625
412630;municipality:412630
412680;municipality:412680
412710;municipality:412710
412770;municipality:412770
412810;municipality:412810
420240;municipality:420240
420280;municipality:420280
420290;municipality:420290
420430;municipality:420430
420460;municipality:420460
420540;municipality:420540
420550;municipality:420550
420700;municipality:420700
420820;municipality:420820
420890;municipality:420890
420910;municipality:420910
420930;municipality:420930
421050;municipality:421050
421130;municipality:421130
421190;municipality:421190
421250;municipality:421250
421290;municipality:421290
421480;municipality:421480
421580;municipality:421580
421630;municipality:421630
421650;municipality:421650
421690;municipality:421690
421820;municipality:421820
421970;municipality:421970
430105;municipality:430105
430510;municipality:430510
430770;municipality:430770
431310;municipality:431310
431337;municipality:431337
431410;municipality:431410
431710;municipality:431710
432250;municipality:432250
500020;municipality:500020
500025;municipality:500025
500060;municipality:500060
500080;municipality:500080
500085;municipality:500085
500100;municipality:500100
500110;municipality:500110
500190;municipality:500190
500200;municipality:500200
500210;municipality:500210
500220;municipality:500220
500230;municipality:500230
500270;municipality:500270
500280;municipality:500280
500290;municipality:500290
500295;municipality:500295
500315;municipality:500315
500320;municipality:500320
500325;municipality:500325
500345;municipality:500345
500348;municipality:500348
500370;municipality:500370
500400;municipality:500400
500450;municipality:500450
500460;municipality:500460
500470;municipality:500470
500500;municipality:500500
500510;municipality:500510
500520;municipality:500520
500540;municipality:500540
500600;municipality:500600
500620;municipality:500620
500630;municipality:500630
500660;municipality:500660
500720;municipality:500720
500769;municipality:500769
500780;municipality:500780
500790;municipality:500790
500830;municipality:500830
510020;municipality:510020
510025;municipality:510025
510060;municipality:510060
510180;municipality:510180
510250;municipality:510250
510267;municipality:510267
510330;municipality:510330
510340;municipality:510340
510390;municipality:510390
510452;municipality:510452
510460;municipality:510460
510510;municipality:510510
510525;municipality:510525
510558;municipality:510558
510615;municipality:510615
510625;municipality:510625
510627;municipality:510627
510628;municipality:510628
510629;municipality:510629
510675;municipality:510675
510680;municipality:510680
510706;municipality:510706
510710;municipality:510710
510719;municipality:510719
510720;municipality:510720
510760;municipality:510760
510790;municipality:510790
510794;municipality:510794
510795;municipality:510795
510805;municipality:510805
510840;municipality:510840
520013;municipality:520013
520110;municipality:520110
520140;municipality:520140
520150;municipality:520150
520170;municipality:520170
520180;municipality:520180
520390;municipality:520390
520410;municipality:520410
520425;municipality:520425
520430;municipality:520430
520440;municipality:520440
520450;municipality:520450
520480;municipality:520480
520510;municipality:520510
520530;municipality:520530
520590;municipality:520590
520620;municipality:520620
520725;municipality:520725
520870;municipality:520870
520910;municipality:520910
520915;municipality:520915
520970;municipality:520970
520995;municipality:520995
521040;municipality:521040
521080;municipality:521080
521130;municipality:521130
521150;municipality:521150
521180;municipality:521180
521190;municipality:521190
521210;municipality:521210
521220;municipality:521220
521250;municipality:521250
521300;municipality:521300
521310;municipality:521310
521375;municipality:521375
521380;municipality:521380
521630;municipality:521630
521710;municipality:521710
521720;municipality:521720
521805;municipality:521805
521850;municipality:521850
521878;municipality:521878
521880;municipality:521880
521930;municipality:521930
521940;municipality:521940
522040;municipality:522040
522045;municipality:522045
522050;municipality:522050
522060;municipality:522060
522140;municipality:522140
530010;municipality:530010
