node_id;node_type;name;municipality_code;latitude;longitude;capacity_beds;habilitation_level
facility:0008028;facility;;353440;;;;
facility:0008036;facility;;353440;;;;
facility:0008052;facility;;353440;;;;
facility:0008087;facility;;353440;;;;
facility:0008141;facility;;353440;;;;
facility:0008494;facility;;354780;;;;
facility:0008923;facility;;354780;;;;
facility:0009601;facility;;354990;;;;
facility:0009628;facility;;354990;;;;
facility:0009695;facility;;354990;;;;
facility:0021520;facility;;354780;;;;
facility:0024228;facility;;354780;;;;
facility:0026417;facility;;354990;;;;
facility:0092894;facility;;351050;;;;
facility:0102075;facility;;355030;;;;
facility:0102105;facility;;355030;;;;
facility:0102741;facility;;350320;;;;
facility:0103462;facility;;353340;;;;
facility:0104795;facility;;354850;;;;
facility:0105589;facility;;354100;;;;
facility:0105597;facility;;353440;;;;
facility:0105759;facility;;354870;;;;
facility:0105767;facility;;354870;;;;
facility:0109746;facility;;354780;;;;
facility:0110310;facility;;350900;;;;
facility:0110612;facility;;351907;;;;
facility:0110981;facility;;355280;;;;
facility:0112062;facility;;354330;;;;
facility:0112542;facility;;353470;;;;
facility:0113921;facility;;352390;;;;
facility:0115509;facility;;352850;;;;
facility:0127604;facility;;350570;;;;
facility:0133272;facility;;355410;;;;
facility:0134163;facility;;352440;;;;
facility:0136328;facility;;353800;;;;
facility:0158119;facility;;355030;;;;
facility:0161438;facility;;355030;;;;
facility:0163279;facility;;354780;;;;
facility:0189979;facility;;351050;;;;
facility:0197831;facility;;350950;;;;
facility:0213527;facility;;350600;;;;
facility:0255297;facility;;350610;;;;
facility:0255874;facility;;351840;;;;
facility:0302961;facility;;354390;;;;
facility:0404853;facility;;350950;;;;
facility:0478024;facility;;354980;;;;
facility:0478849;facility;;354980;;;;
facility:2022621;facility;;350950;;;;
facility:2022648;facility;;350950;;;;
facility:2023016;facility;;350940;;;;
facility:2023474;facility;;352470;;;;
facility:2023709;facility;;352340;;;;
facility:2023865;facility;;352420;;;;
facility:2024438;facility;;353110;;;;
facility:2024691;facility;;351340;;;;
facility:2024756;facility;;350850;;;;
facility:2024772;facility;;350860;;;;
facility:2025361;facility;;354870;;;;
facility:2025477;facility;;352430;;;;
facility:2025507;facility;;352900;;;;
facility:2025752;facility;;354850;;;;
facility:2026805;facility;;351860;;;;
facility:2027186;facility;;352240;;;;
facility:2027240;facility;;355030;;;;
facility:2027356;facility;;354870;;;;
facility:2028204;facility;;353130;;;;
facility:2028239;facility;;355430;;;;
facility:2028840;facility;;355030;;;;
facility:2039001;facility;;355250;;;;
facility:2040069;facility;;351880;;;;
facility:2040573;facility;;352050;;;;
facility:2042894;facility;;354850;;;;
facility:2053500;facility;;353150;;;;
facility:2053519;facility;;353150;;;;
facility:2058243;facility;;355090;;;;
facility:2058308;facility;;353340;;;;
facility:2058340;facility;;354190;;;;
facility:2058405;facility;;355200;;;;
facility:2058626;facility;;351110;;;;
facility:2058782;facility;;354140;;;;
facility:2058790;facility;;350160;;;;
facility:2065665;facility;;355030;;;;
facility:2066092;facility;;355030;;;;
facility:2066572;facility;;355030;;;;
facility:2068974;facility;;355030;;;;
facility:2069008;facility;;355030;;;;
facility:2069776;facility;;354870;;;;
facility:2070766;facility;;355030;;;;
facility:2071371;facility;;355030;;;;
facility:2071568;facility;;355030;;;;
facility:2072033;facility;;351510;;;;
facility:2072513;facility;;354730;;;;
facility:2075717;facility;;355030;;;;
facility:2075962;facility;;355030;;;;
facility:2076896;facility;;355030;;;;
facility:2076926;facility;;355030;;;;
facility:2076942;facility;;352350;;;;
facility:2076985;facility;;355030;;;;
facility:2077078;facility;;351500;;;;
facility:2077124;facility;;351060;;;;
facility:2077310;facility;;351840;;;;
facility:2077388;facility;;355030;;;;
facility:2077396;facility;;354980;;;;
facility:2077418;facility;;355030;;;;
facility:2077426;facility;;355030;;;;
facility:2077434;facility;;353620;;;;
facility:2077450;facility;;355030;;;;
facility:2077477;facility;;355030;;;;
facility:2077485;facility;;355030;;;;
facility:2077493;facility;;355030;;;;
facility:2077507;facility;;355030;;;;
facility:2077515;facility;;350310;;;;
facility:2077523;facility;;355030;;;;
facility:2077531;facility;;355030;;;;
facility:2077558;facility;;350050;;;;
facility:2077574;facility;;355030;;;;
facility:2077582;facility;;352680;;;;
facility:2077590;facility;;355030;;;;
facility:2077620;facility;;355030;;;;
facility:2077639;facility;;355030;;;;
facility:2077647;facility;;350010;;;;
facility:2077655;facility;;355030;;;;
facility:2077671;facility;;355030;;;;
facility:2077701;facility;;355030;;;;
facility:2077752;facility;;355030;;;;
facility:2077957;facility;;355030;;;;
facility:2078015;facility;;355030;;;;
facility:2078031;facility;;354340;;;;
facility:2078074;facility;;352670;;;;
facility:2078104;facility;;352250;;;;
facility:2078112;facility;;354490;;;;
facility:2078139;facility;;354150;;;;
facility:2078155;facility;;351880;;;;
facility:2078198;facility;;354790;;;;
facility:2078252;facility;;350650;;;;
facility:2078287;facility;;355030;;;;
facility:2078295;facility;;355370;;;;
facility:2078325;facility;;355030;;;;
facility:2078341;facility;;353180;;;;
facility:2078384;facility;;353730;;;;
facility:2078414;facility;;351740;;;;
facility:2078422;facility;;353710;;;;
facility:2078449;facility;;353630;;;;
facility:2078465;facility;;350950;;;;
facility:2078473;facility;;351350;;;;
facility:2078503;facility;;353730;;;;
facility:2078511;facility;;352044;;;;
facility:2078538;facility;;352400;;;;
facility:2078546;facility;;354860;;;;
facility:2078562;facility;;352310;;;;
facility:2078775;facility;;350280;;;;
facility:2078813;facility;;355220;;;;
facility:2078848;facility;;350190;;;;
facility:2078902;facility;;353790;;;;
facility:2078937;facility;;350260;;;;
facility:2079011;facility;;351500;;;;
facility:2079097;facility;;351020;;;;
facility:2079119;facility;;354340;;;;
facility:2079135;facility;;355400;;;;
facility:2079178;facility;;354530;;;;
facility:2079186;facility;;355030;;;;
facility:2079194;facility;;350170;;;;
facility:2079208;facility;;353080;;;;
facility:2079216;facility;;351100;;;;
facility:2079224;facility;;352290;;;;
facility:2079232;facility;;354580;;;;
facility:2079240;facility;;355030;;;;
facility:2079283;facility;;353540;;;;
facility:2079291;facility;;353520;;;;
facility:2079313;facility;;350840;;;;
facility:2079321;facility;;355220;;;;
facility:2079348;facility;;352010;;;;
facility:2079356;facility;;355340;;;;
facility:2079364;facility;;355150;;;;
facility:2079380;facility;;354500;;;;
facility:2079399;facility;;355270;;;;
facility:2079410;facility;;351880;;;;
facility:2079429;facility;;354530;;;;
facility:2079437;facility;;352880;;;;
facility:2079461;facility;;350810;;;;
facility:2079496;facility;;351310;;;;
facility:2079518;facility;;351360;;;;
facility:2079550;facility;;354560;;;;
facility:2079593;facility;;354260;;;;
facility:2079615;facility;;351970;;;;
facility:2079682;facility;;353250;;;;
facility:2079690;facility;;355000;;;;
facility:2079704;facility;;355210;;;;
facility:2079720;facility;;354850;;;;
facility:2079763;facility;;350320;;;;
facility:2079798;facility;;350950;;;;
facility:2079828;facility;;355280;;;;
facility:2079836;facility;;352270;;;;
facility:2079860;facility;;355250;;;;
facility:2079879;facility;;355380;;;;
facility:2079895;facility;;352480;;;;
facility:2079909;facility;;353900;;;;
facility:2079917;facility;;352730;;;;
facility:2079925;facility;;354060;;;;
facility:2079968;facility;;355580;;;;
facility:2079976;facility;;352640;;;;
facility:2080028;facility;;351380;;;;
facility:2080044;facility;;354940;;;;
facility:2080052;facility;;353060;;;;
facility:2080079;facility;;351570;;;;
facility:2080087;facility;;355450;;;;
facility:2080095;facility;;352570;;;;
facility:2080109;facility;;354040;;;;
facility:2080117;facility;;351620;;;;
facility:2080125;facility;;355030;;;;
facility:2080184;facility;;352390;;;;
facility:2080192;facility;;352390;;;;
facility:2080222;facility;;350870;;;;
facility:2080273;facility;;354780;;;;
facility:2080281;facility;;351900;;;;
facility:2080338;facility;;351880;;;;
facility:2080346;facility;;355030;;;;
facility:2080354;facility;;354850;;;;
facility:2080362;facility;;352070;;;;
facility:2080370;facility;;353890;;;;
facility:2080400;facility;;354340;;;;
facility:2080427;facility;;351880;;;;
facility:2080443;facility;;355010;;;;
facility:2080451;facility;;352130;;;;
facility:2080478;facility;;353700;;;;
facility:2080508;facility;;350130;;;;
facility:2080524;facility;;354240;;;;
facility:2080532;facility;;354140;;;;
facility:2080575;facility;;355030;;;;
facility:2080583;facility;;355030;;;;
facility:2080605;facility;;355470;;;;
facility:2080621;facility;;354000;;;;
facility:2080664;facility;;355500;;;;
facility:2080680;facility;;353060;;;;
facility:2080737;facility;;351660;;;;
facility:2080745;facility;;354630;;;;
facility:2080788;facility;;355030;;;;
facility:2080826;facility;;352190;;;;
facility:2080842;facility;;351000;;;;
facility:2080869;facility;;353660;;;;
facility:2080907;facility;;353490;;;;
facility:2080915;facility;;350640;;;;
facility:2080923;facility;;354970;;;;
facility:2080931;facility;;354890;;;;
facility:2080958;facility;;353530;;;;
facility:2080966;facility;;351520;;;;
facility:2080982;facility;;351190;;;;
facility:2080990;facility;;352900;;;;
facility:2081059;facility;;353650;;;;
facility:2081083;facility;;350400;;;;
facility:2081091;facility;;352260;;;;
facility:2081105;facility;;355630;;;;
facility:2081113;facility;;354390;;;;
facility:2081164;facility;;354340;;;;
facility:2081202;facility;;354330;;;;
facility:2081229;facility;;353600;;;;
facility:2081237;facility;;354380;;;;
facility:2081253;facility;;350330;;;;
facility:2081261;facility;;350700;;;;
facility:2081296;facility;;350930;;;;
facility:2081342;facility;;355600;;;;
facility:2081350;facility;;353880;;;;
facility:2081377;facility;;355710;;;;
facility:2081385;facility;;355510;;;;
facility:2081393;facility;;355160;;;;
facility:2081407;facility;;352520;;;;
facility:2081431;facility;;352740;;;;
facility:2081458;facility;;352690;;;;
facility:2081466;facility;;352450;;;;
facility:2081482;facility;;350950;;;;
facility:2081490;facility;;350950;;;;
facility:2081512;facility;;351840;;;;
facility:2081520;facility;;351780;;;;
facility:2081555;facility;;352320;;;;
facility:2081563;facility;;351518;;;;
facility:2081571;facility;;354420;;;;
facility:2081598;facility;;355360;;;;
facility:2081644;facility;;351840;;;;
facility:2081652;facility;;351690;;;;
facility:2081660;facility;;352090;;;;
facility:2081695;facility;;355220;;;;
facility:2081717;facility;;351370;;;;
facility:2081725;facility;;352710;;;;
facility:2081733;facility;;350160;;;;
facility:2081768;facility;;350420;;;;
facility:2081784;facility;;350790;;;;
facility:2081792;facility;;352810;;;;
facility:2081806;facility;;350110;;;;
facility:2081814;facility;;351820;;;;
facility:2081873;facility;;354220;;;;
facility:2081903;facility;;355640;;;;
facility:2081970;facility;;355030;;;;
facility:2081989;facility;;350740;;;;
facility:2082071;facility;;351070;;;;
facility:2082098;facility;;350270;;;;
facility:2082128;facility;;350950;;;;
facility:2082179;facility;;350160;;;;
facility:2082187;facility;;354340;;;;
facility:2082195;facility;;350190;;;;
facility:2082209;facility;;350570;;;;
facility:2082225;facility;;355030;;;;
facility:2082276;facility;;351880;;;;
facility:2082284;facility;;355080;;;;
facility:2082306;facility;;351080;;;;
facility:2082322;facility;;354070;;;;
facility:2082349;facility;;352940;;;;
facility:2082381;facility;;350610;;;;
facility:2082411;facility;;353980;;;;
facility:2082438;facility;;355720;;;;
facility:2082446;facility;;350010;;;;
facility:2082454;facility;;355500;;;;
facility:2082470;facility;;350330;;;;
facility:2082497;facility;;350630;;;;
facility:2082519;facility;;353550;;;;
facility:2082527;facility;;350320;;;;
facility:2082551;facility;;351940;;;;
facility:2082586;facility;;353460;;;;
facility:2082594;facility;;354880;;;;
facility:2082632;facility;;350530;;;;
facility:2082640;facility;;351960;;;;
facility:2082659;facility;;353300;;;;
facility:2082667;facility;;353140;;;;
facility:2082675;facility;;350280;;;;
facility:2082691;facility;;350210;;;;
facility:2082721;facility;;355060;;;;
facility:2082748;facility;;350220;;;;
facility:2082756;facility;;354540;;;;
facility:2082780;facility;;351160;;;;
facility:2082810;facility;;351390;;;;
facility:2082829;facility;;355030;;;;
facility:2082845;facility;;353390;;;;
facility:2082853;facility;;350590;;;;
facility:2082861;facility;;351880;;;;
facility:2082888;facility;;354390;;;;
facility:2082926;facility;;351050;;;;
facility:2082934;facility;;355300;;;;
facility:2082942;facility;;352800;;;;
facility:2083019;facility;;353010;;;;
facility:2083027;facility;;353740;;;;
facility:2083051;facility;;350250;;;;
facility:2083086;facility;;352530;;;;
facility:2083094;facility;;350400;;;;
facility:2083116;facility;;352900;;;;
facility:2083140;facility;;354680;;;;
facility:2083159;facility;;354390;;;;
facility:2083175;facility;;353780;;;;
facility:2083213;facility;;355440;;;;
facility:2083264;facility;;351760;;;;
facility:2083272;facility;;350635;;;;
facility:2083493;facility;;354020;;;;
facility:2083604;facility;;350450;;;;
facility:2083876;facility;;351630;;;;
facility:2083973;facility;;351770;;;;
facility:2083981;facility;;355240;;;;
facility:2084007;facility;;350710;;;;
facility:2084023;facility;;353240;;;;
facility:2084058;facility;;354640;;;;
facility:2084074;facility;;355260;;;;
facility:2084139;facility;;355030;;;;
facility:2084163;facility;;351380;;;;
facility:2084171;facility;;355170;;;;
facility:2084228;facility;;354910;;;;
facility:2084236;facility;;353060;;;;
facility:2084244;facility;;352050;;;;
facility:2084252;facility;;350950;;;;
facility:2084317;facility;;350190;;;;
facility:2084384;facility;;351518;;;;
facility:2084414;facility;;354340;;;;
facility:2084422;facility;;355040;;;;
facility:2084430;facility;;351220;;;;
facility:2084473;facility;;355030;;;;
facility:2085143;facility;;352260;;;;
facility:2085194;facility;;352440;;;;
facility:2085569;facility;;354990;;;;
facility:2085976;facility;;350900;;;;
facility:2086050;facility;;352900;;;;
facility:2086271;facility;;352220;;;;
facility:2086336;facility;;352850;;;;
facility:2086719;facility;;352550;;;;
facility:2087057;facility;;353870;;;;
facility:2087103;facility;;352690;;;;
facility:2087111;facility;;352720;;;;
facility:2087219;facility;;350960;;;;
facility:2087618;facility;;355700;;;;
facility:2087642;facility;;350490;;;;
facility:2087715;facility;;351907;;;;
facility:2087804;facility;;352210;;;;
facility:2088193;facility;;353080;;;;
facility:2088487;facility;;353350;;;;
facility:2088495;facility;;355030;;;;
facility:2088517;facility;;355030;;;;
facility:2088525;facility;;352970;;;;
facility:2088576;facility;;355030;;;;
facility:2089327;facility;;351110;;;;
facility:2089335;facility;;351110;;;;
facility:2089548;facility;;353950;;;;
facility:2089572;facility;;355030;;;;
facility:2089696;facility;;355030;;;;
facility:2089785;facility;;355030;;;;
facility:2090171;facility;;350170;;;;
facility:2090236;facility;;350550;;;;
facility:2090309;facility;;350750;;;;
facility:2090333;facility;;351140;;;;
facility:2090376;facility;;351210;;;;
facility:2090961;facility;;352930;;;;
facility:2091267;facility;;354750;;;;
facility:2091275;facility;;354750;;;;
facility:2091305;facility;;354980;;;;
facility:2091313;facility;;355030;;;;
facility:2091356;facility;;355030;;;;
facility:2091399;facility;;355030;;;;
facility:2091542;facility;;355030;;;;
facility:2091550;facility;;355030;;;;
facility:2091585;facility;;355030;;;;
facility:2091658;facility;;355030;;;;
facility:2091755;facility;;355030;;;;
facility:2092093;facility;;355680;;;;
facility:2092298;facility;;352390;;;;
facility:2092395;facility;;351930;;;;
facility:2092611;facility;;350550;;;;
facility:2092638;facility;;351540;;;;
facility:2092980;facility;;350580;;;;
facility:2093227;facility;;352180;;;;
facility:2093324;facility;;351550;;;;
facility:2093332;facility;;354660;;;;
facility:2093405;facility;;353260;;;;
facility:2093502;facility;;353260;;;;
facility:2095912;facility;;351200;;;;
facility:2096196;facility;;350920;;;;
facility:2096412;facility;;352440;;;;
facility:2096463;facility;;353070;;;;
facility:2096498;facility;;353070;;;;
facility:2096617;facility;;354080;;;;
facility:2097648;facility;;354980;;;;
facility:2097877;facility;;355620;;;;
facility:2688433;facility;;350760;;;;
facility:2688514;facility;;355030;;;;
facility:2688522;facility;;355030;;;;
facility:2688573;facility;;355030;;;;
facility:2688638;facility;;355030;;;;
facility:2688689;facility;;355030;;;;
facility:2698374;facility;;354120;;;;
facility:2698463;facility;;354850;;;;
facility:2698471;facility;;354850;;;;
facility:2699915;facility;;355670;;;;
facility:2701561;facility;;352590;;;;
facility:2702193;facility;;355540;;;;
facility:2704900;facility;;350760;;;;
facility:2705222;facility;;353050;;;;
facility:2705249;facility;;354300;;;;
facility:2705982;facility;;351620;;;;
facility:2708566;facility;;355220;;;;
facility:2708779;facility;;355220;;;;
facility:2716097;facility;;354100;;;;
facility:2716275;facility;;353030;;;;
facility:2716291;facility;;353475;;;;
facility:2716593;facility;;350100;;;;
facility:2716801;facility;;352590;;;;
facility:2745356;facility;;351670;;;;
facility:2745402;facility;;351600;;;;
facility:2745798;facility;;353430;;;;
facility:2745801;facility;;353190;;;;
facility:2746220;facility;;351640;;;;
facility:2746298;facility;;354760;;;;
facility:2747685;facility;;353290;;;;
facility:2747693;facility;;354290;;;;
facility:2747871;facility;;352040;;;;
facility:2748029;facility;;354990;;;;
facility:2748223;facility;;350750;;;;
facility:2748436;facility;;351170;;;;
facility:2748568;facility;;351040;;;;
facility:2749033;facility;;351080;;;;
facility:2749149;facility;;355330;;;;
facility:2749319;facility;;355410;;;;
facility:2750511;facility;;354140;;;;
facility:2750538;facility;;351990;;;;
facility:2750546;facility;;354425;;;;
facility:2750988;facility;;351440;;;;
facility:2751003;facility;;352600;;;;
facility:2751011;facility;;352920;;;;
facility:2751038;facility;;354130;;;;
facility:2751046;facility;;354770;;;;
facility:2751569;facility;;351150;;;;
facility:2751623;facility;;351518;;;;
facility:2751674;facility;;352280;;;;
facility:2751704;facility;;352410;;;;
facility:2751852;facility;;355030;;;;
facility:2751860;facility;;355030;;;;
facility:2751925;facility;;355030;;;;
facility:2751933;facility;;355030;;;;
facility:2751976;facility;;355030;;;;
facility:2752077;facility;;355030;;;;
facility:2754843;facility;;351870;;;;
facility:2755092;facility;;353800;;;;
facility:2755130;facility;;354140;;;;
facility:2758245;facility;;352710;;;;
facility:2765934;facility;;355070;;;;
facility:2765942;facility;;355220;;;;
facility:2766167;facility;;354400;;;;
facility:2772310;facility;;353870;;;;
facility:2773333;facility;;351830;;;;
facility:2774720;facility;;350070;;;;
facility:2784602;facility;;352050;;;;
facility:2785188;facility;;355280;;;;
facility:2785382;facility;;353930;;;;
facility:2786435;facility;;352590;;;;
facility:2786680;facility;;355030;;;;
facility:2790556;facility;;350600;;;;
facility:2790564;facility;;350600;;;;
facility:2790580;facility;;350600;;;;
facility:2790602;facility;;350600;;;;
facility:2790610;facility;;354160;;;;
facility:2790637;facility;;351450;;;;
facility:2790653;facility;;352530;;;;
facility:2790734;facility;;350600;;;;
facility:2790998;facility;;353890;;;;
facility:2791668;facility;;350340;;;;
facility:2791676;facility;;350520;;;;
facility:2791684;facility;;350880;;;;
facility:2791692;facility;;351410;;;;
facility:2791706;facility;;351700;;;;
facility:2791714;facility;;351910;;;;
facility:2791722;facility;;352530;;;;
facility:2791730;facility;;350680;;;;
facility:2791749;facility;;353670;;;;
facility:2791757;facility;;353940;;;;
facility:2791773;facility;;350600;;;;
facility:2792141;facility;;351300;;;;
facility:2792168;facility;;351060;;;;
facility:2792176;facility;;352220;;;;
facility:2798239;facility;;352360;;;;
facility:2798298;facility;;354980;;;;
facility:2801051;facility;;351380;;;;
facility:2812703;facility;;355030;;;;
facility:3001466;facility;;355030;;;;
facility:3012212;facility;;352590;;;;
facility:3021378;facility;;355100;;;;
facility:3028399;facility;;351630;;;;
facility:3126838;facility;;355410;;;;
facility:3139050;facility;;352230;;;;
facility:3212130;facility;;355030;;;;
facility:3223728;facility;;354870;;;;
facility:3254631;facility;;350950;;;;
facility:3314766;facility;;354340;;;;
facility:3753433;facility;;350970;;;;
facility:3774554;facility;;354520;;;;
facility:3825752;facility;;353440;;;;
facility:3828107;facility;;353440;;;;
facility:3949621;facility;;355650;;;;
facility:4047613;facility;;351060;;;;
facility:4049020;facility;;353470;;;;
facility:5033543;facility;;350550;;;;
facility:5130883;facility;;355030;;;;
facility:5170958;facility;;352900;;;;
facility:5200105;facility;;351880;;;;
facility:5366828;facility;;350410;;;;
facility:5420938;facility;;355030;;;;
facility:5437156;facility;;355030;;;;
facility:5451612;facility;;355030;;;;
facility:5586348;facility;;354890;;;;
facility:5718368;facility;;355030;;;;
facility:5851084;facility;;351380;;;;
facility:5860490;facility;;352900;;;;
facility:5869412;facility;;354990;;;;
facility:5887623;facility;;354340;;;;
facility:5932696;facility;;353440;;;;
facility:5935857;facility;;354880;;;;
facility:6020917;facility;;354780;;;;
facility:6024688;facility;;355280;;;;
facility:6053858;facility;;350950;;;;
facility:6095666;facility;;350570;;;;
facility:6123740;facility;;355030;;;;
facility:6135749;facility;;355030;;;;
facility:6136028;facility;;355030;;;;
facility:6164366;facility;;350170;;;;
facility:6212581;facility;;354580;;;;
facility:6233848;facility;;351050;;;;
facility:6236596;facility;;354980;;;;
facility:6270131;facility;;354980;;;;
facility:6284582;facility;;353870;;;;
facility:6289304;facility;;350550;;;;
facility:6391869;facility;;355030;;;;
facility:6451098;facility;;350390;;;;
facility:6479200;facility;;355030;;;;
facility:6591620;facility;;350570;;;;
facility:6603378;facility;;353580;;;;
facility:6655416;facility;;354780;;;;
facility:6669727;facility;;351620;;;;
facility:6680968;facility;;353200;;;;
facility:6878687;facility;;351640;;;;
facility:6891411;facility;;355030;;;;
facility:6943284;facility;;350320;;;;
facility:6966594;facility;;355100;;;;
facility:6984649;facility;;355030;;;;
facility:6992560;facility;;352590;;;;
facility:6998178;facility;;355030;;;;
facility:6998194;facility;;355030;;;;
facility:6998704;facility;;354850;;;;
facility:7019076;facility;;355030;;;;
facility:7021461;facility;;354780;;;;
facility:7047517;facility;;354780;;;;
facility:7066376;facility;;352480;;;;
facility:7113218;facility;;354780;;;;
facility:7188676;facility;;353470;;;;
facility:7228163;facility;;352220;;;;
facility:7320175;facility;;355020;;;;
facility:7371349;facility;;355100;;;;
facility:7373465;facility;;354870;;;;
facility:7378394;facility;;355030;;;;
facility:7385978;facility;;355030;;;;
facility:7473702;facility;;353060;;;;
facility:7544529;facility;;351870;;;;
facility:7572468;facility;;355030;;;;
facility:7573162;facility;;352590;;;;
facility:7580770;facility;;350900;;;;
facility:7603274;facility;;352170;;;;
facility:7615280;facility;;354340;;;;
facility:7682581;facility;;353440;;;;
facility:7684452;facility;;352690;;;;
facility:7711980;facility;;355030;;;;
facility:7947984;facility;;350970;;;;
facility:7979649;facility;;355030;;;;
facility:7992890;facility;;355030;;;;
facility:9232141;facility;;350190;;;;
facility:9425802;facility;;353870;;;;
facility:9465464;facility;;355030;;;;
facility:9491112;facility;;355220;;;;
facility:9491252;facility;;354990;;;;
facility:9556095;facility;;354260;;;;
facility:9580743;facility;;355100;;;;
facility:9639659;facility;;351280;;;;
facility:9662561;facility;;350550;;;;
facility:9680500;facility;;351670;;;;
facility:9773657;facility;;355150;;;;
facility:9898565;facility;;354990;;;;
municipality:110002;municipality;;110002;;;;
municipality:110004;municipality;;110004;;;;
municipality:110006;municipality;;110006;;;;
municipality:110012;municipality;;110012;;;;
municipality:110020;municipality;;110020;;;;
municipality:110028;municipality;;110028;;;;
municipality:110030;municipality;;110030;;;;
municipality:110034;municipality;;110034;;;;
municipality:110045;municipality;;110045;;;;
municipality:110092;municipality;;110092;;;;
municipality:120001;municipality;;120001;;;;
municipality:120025;municipality;;120025;;;;
municipality:120040;municipality;;120040;;;;
municipality:130040;municipality;;130040;;;;
municipality:130083;municipality;;130083;;;;
municipality:130185;municipality;;130185;;;;
municipality:130250;municipality;;130250;;;;
municipality:130255;municipality;;130255;;;;
municipality:130260;municipality;;130260;;;;
municipality:130420;municipality;;130420;;;;
municipality:140005;municipality;;140005;;;;
municipality:140010;municipality;;140010;;;;
municipality:140020;municipality;;140020;;;;
municipality:140047;municipality;;140047;;;;
municipality:150034;municipality;;150034;;;;
municipality:150040;municipality;;150040;;;;
municipality:150080;municipality;;150080;;;;
municipality:150140;municipality;;150140;;;;
municipality:150178;municipality;;150178;;;;
municipality:150215;municipality;;150215;;;;
municipality:150240;municipality;;150240;;;;
municipality:150270;municipality;;150270;;;;
municipality:150293;municipality;;150293;;;;
municipality:150295;municipality;;150295;;;;
municipality:150310;municipality;;150310;;;;
municipality:150340;municipality;;150340;;;;
municipality:150380;municipality;;150380;;;;
municipality:150420;municipality;;150420;;;;
municipality:150503;municipality;;150503;;;;
municipality:150548;municipality;;150548;;;;
municipality:150553;municipality;;150553;;;;
municipality:150563;municipality;;150563;;;;
municipality:150613;municipality;;150613;;;;
municipality:150616;municipality;;150616;;;;
municipality:150618;municipality;;150618;;;;
municipality:150660;municipality;;150660;;;;
municipality:150680;municipality;;150680;;;;
municipality:150730;municipality;;150730;;;;
municipality:150808;municipality;;150808;;;;
municipality:150810;municipality;;150810;;;;
municipality:150840;municipality;;150840;;;;
municipality:160030;municipality;;160030;;;;
municipality:160060;municipality;;160060;;;;
municipality:170210;municipality;;170210;;;;
municipality:170240;municipality;;170240;;;;
municipality:170255;municipality;;170255;;;;
municipality:170600;municipality;;170600;;;;
municipality:170700;municipality;;170700;;;;
municipality:170820;municipality;;170820;;;;
municipality:170930;municipality;;170930;;;;
municipality:170950;municipality;;170950;;;;
municipality:171200;municipality;;171200;;;;
municipality:171330;municipality;;171330;;;;
municipality:171610;municipality;;171610;;;;
municipality:171665;municipality;;171665;;;;
municipality:171670;municipality;;171670;;;;
municipality:171790;municipality;;171790;;;;
municipality:171820;municipality;;171820;;;;
municipality:171845;municipality;;171845;;;;
municipality:171865;municipality;;171865;;;;
municipality:172010;municipality;;172010;;;;
municipality:172049;municipality;;172049;;;;
municipality:172080;municipality;;172080;;;;
municipality:172090;municipality;;172090;;;;
municipality:172100;municipality;;172100;;;;
municipality:172110;municipality;;172110;;;;
municipality:210005;municipality;;210005;;;;
municipality:210140;municipality;;210140;;;;
municipality:210150;municipality;;210150;;;;
municipality:210325;municipality;;210325;;;;
municipality:210380;municipality;;210380;;;;
municipality:210530;municipality;;210530;;;;
municipality:210542;municipality;;210542;;;;
municipality:210550;municipality;;210550;;;;
municipality:210725;municipality;;210725;;;;
municipality:210750;municipality;;210750;;;;
municipality:210800;municipality;;210800;;;;
municipality:211020;municipality;;211020;;;;
municipality:211102;municipality;;211102;;;;
municipality:211120;municipality;;211120;;;;
municipality:211130;municipality;;211130;;;;
municipality:211230;municipality;;211230;;;;
municipality:211260;municipality;;211260;;;;
municipality:211270;municipality;;211270;;;;
municipality:220095;municipality;;220095;;;;
municipality:220220;municipality;;220220;;;;
municipality:220245;municipality;;220245;;;;
municipality:220500;municipality;;220500;;;;
municipality:220580;municipality;;220580;;;;
municipality:220605;municipality;;220605;;;;
municipality:221100;municipality;;221100;;;;
municipality:221150;municipality;;221150;;;;
municipality:221170;municipality;;221170;;;;
municipality:230040;municipality;;230040;;;;
municipality:230370;municipality;;230370;;;;
municipality:230426;municipality;;230426;;;;
municipality:230440;municipality;;230440;;;;
municipality:230470;municipality;;230470;;;;
municipality:230550;municipality;;230550;;;;
municipality:230730;municipality;;230730;;;;
municipality:230840;municipality;;230840;;;;
municipality:230850;municipality;;230850;;;;
municipality:230890;municipality;;230890;;;;
municipality:230920;municipality;;230920;;;;
municipality:230950;municipality;;230950;;;;
municipality:231090;municipality;;231090;;;;
municipality:231240;municipality;;231240;;;;
municipality:231300;municipality;;231300;;;;
municipality:231350;municipality;;231350;;;;
municipality:231360;municipality;;231360;;;;
municipality:240325;municipality;;240325;;;;
municipality:240810;municipality;;240810;;;;
municipality:240860;municipality;;240860;;;;
municipality:240895;municipality;;240895;;;;
municipality:241200;municipality;;241200;;;;
municipality:241250;municipality;;241250;;;;
municipality:241270;municipality;;241270;;;;
municipality:250040;municipality;;250040;;;;
municipality:250320;municipality;;250320;;;;
municipality:250700;municipality;;250700;;;;
municipality:250750;municipality;;250750;;;;
municipality:250770;municipality;;250770;;;;
municipality:250970;municipality;;250970;;;;
municipality:251080;municipality;;251080;;;;
municipality:251130;municipality;;251130;;;;
municipality:251210;municipality;;251210;;;;
municipality:251274;municipality;;251274;;;;
municipality:251370;municipality;;251370;;;;
municipality:251385;municipality;;251385;;;;
municipality:251450;municipality;;251450;;;;
municipality:251620;municipality;;251620;;;;
municipality:260100;municipality;;260100;;;;
municipality:260120;municipality;;260120;;;;
municipality:260200;municipality;;260200;;;;
municipality:260320;municipality;;260320;;;;
municipality:260380;municipality;;260380;;;;
municipality:260410;municipality;;260410;;;;
municipality:260620;municipality;;260620;;;;
municipality:260640;municipality;;260640;;;;
municipality:260660;municipality;;260660;;;;
municipality:260720;municipality;;260720;;;;
municipality:260750;municipality;;260750;;;;
municipality:260760;municipality;;260760;;;;
municipality:260790;municipality;;260790;;;;
municipality:260880;municipality;;260880;;;;
municipality:260960;municipality;;260960;;;;
municipality:261000;municipality;;261000;;;;
municipality:261020;municipality;;261020;;;;
municipality:261030;municipality;;261030;;;;
municipality:261070;municipality;;261070;;;;
municipality:261100;municipality;;261100;;;;
municipality:261160;municipality;;261160;;;;
municipality:261320;municipality;;261320;;;;
municipality:261485;municipality;;261485;;;;
municipality:270030;municipality;;270030;;;;
municipality:270290;municipality;;270290;;;;
municipality:270420;municipality;;270420;;;;
municipality:270430;municipality;;270430;;;;
municipality:270470;municipality;;270470;;;;
municipality:270860;municipality;;270860;;;;
municipality:270910;municipality;;270910;;;;
municipality:280030;municipality;;280030;;;;
municipality:280067;municipality;;280067;;;;
municipality:280210;municipality;;280210;;;;
municipality:280300;municipality;;280300;;;;
municipality:280330;municipality;;280330;;;;
municipality:280480;municipality;;280480;;;;
municipality:280550;municipality;;280550;;;;
municipality:280570;municipality;;280570;;;;
municipality:280600;municipality;;280600;;;;
municipality:280740;municipality;;280740;;;;
municipality:290070;municipality;;290070;;;;
municipality:290160;municipality;;290160;;;;
municipality:290290;municipality;;290290;;;;
municipality:290450;municipality;;290450;;;;
municipality:290460;municipality;;290460;;;;
municipality:290520;municipality;;290520;;;;
municipality:290600;municipality;;290600;;;;
municipality:290620;municipality;;290620;;;;
municipality:290750;municipality;;290750;;;;
municipality:290880;municipality;;290880;;;;
municipality:291005;municipality;;291005;;;;
municipality:291072;municipality;;291072;;;;
municipality:291080;municipality;;291080;;;;
municipality:291170;municipality;;291170;;;;
municipality:291230;municipality;;291230;;;;
municipality:291360;municipality;;291360;;;;
municipality:291390;municipality;;291390;;;;
municipality:291400;municipality;;291400;;;;
municipality:291520;municipality;;291520;;;;
municipality:291600;municipality;;291600;;;;
municipality:291640;municipality;;291640;;;;
municipality:291730;municipality;;291730;;;;
municipality:291750;municipality;;291750;;;;
municipality:291800;municipality;;291800;;;;
municipality:291810;municipality;;291810;;;;
municipality:291835;municipality;;291835;;;;
municipality:291840;municipality;;291840;;;;
municipality:291950;municipality;;291950;;;;
municipality:291955;municipality;;291955;;;;
municipality:291995;municipality;;291995;;;;
municipality:292040;municipality;;292040;;;;
municipality:292110;municipality;;292110;;;;
municipality:292120;municipality;;292120;;;;
municipality:292150;municipality;;292150;;;;
municipality:292190;municipality;;292190;;;;
municipality:292240;municipality;;292240;;;;
municipality:292280;municipality;;292280;;;;
municipality:292350;municipality;;292350;;;;
municipality:292360;municipality;;292360;;;;
municipality:292400;municipality;;292400;;;;
municipality:292430;municipality;;292430;;;;
municipality:292510;municipality;;292510;;;;
municipality:292520;municipality;;292520;;;;
municipality:292525;municipality;;292525;;;;
municipality:292640;municipality;;292640;;;;
municipality:292690;municipality;;292690;;;;
municipality:292740;municipality;;292740;;;;
municipality:292880;municipality;;292880;;;;
municipality:292890;municipality;;292890;;;;
municipality:292905;municipality;;292905;;;;
municipality:292990;municipality;;292990;;;;
municipality:293135;municipality;;293135;;;;
municipality:293180;municipality;;293180;;;;
municipality:293220;municipality;;293220;;;;
municipality:293250;municipality;;293250;;;;
municipality:293330;municipality;;293330;;;;
municipality:310010;municipality;;310010;;;;
municipality:310130;municipality;;310130;;;;
municipality:310160;municipality;;310160;;;;
municipality:310190;municipality;;310190;;;;
municipality:310260;municipality;;310260;;;;
municipality:310350;municipality;;310350;;;;
municipality:310400;municipality;;310400;;;;
municipality:310420;municipality;;310420;;;;
municipality:310450;municipality;;310450;;;;
municipality:310560;municipality;;310560;;;;
municipality:310620;municipality;;310620;;;;
municipality:310710;municipality;;310710;;;;
municipality:310720;municipality;;310720;;;;
municipality:310790;municipality;;310790;;;;
municipality:310830;municipality;;310830;;;;
municipality:310840;municipality;;310840;;;;
municipality:310890;municipality;;310890;;;;
municipality:310910;municipality;;310910;;;;
municipality:310930;municipality;;310930;;;;
municipality:310970;municipality;;310970;;;;
municipality:310980;municipality;;310980;;;;
municipality:311030;municipality;;311030;;;;
municipality:311050;municipality;;311050;;;;
municipality:311070;municipality;;311070;;;;
municipality:311100;municipality;;311100;;;;
municipality:311110;municipality;;311110;;;;
municipality:311120;municipality;;311120;;;;
municipality:311160;municipality;;311160;;;;
municipality:311240;municipality;;311240;;;;
municipality:311260;municipality;;311260;;;;
municipality:311410;municipality;;311410;;;;
municipality:311430;municipality;;311430;;;;
municipality:311440;municipality;;311440;;;;
municipality:311455;municipality;;311455;;;;
municipality:311510;municipality;;311510;;;;
municipality:311550;municipality;;311550;;;;
municipality:311640;municipality;;311640;;;;
municipality:311720;municipality;;311720;;;;
municipality:311730;municipality;;311730;;;;
municipality:311760;municipality;;311760;;;;
municipality:311820;municipality;;311820;;;;
municipality:311860;municipality;;311860;;;;
municipality:311870;municipality;;311870;;;;
municipality:311880;municipality;;311880;;;;
municipality:311900;municipality;;311900;;;;
municipality:311920;municipality;;311920;;;;
municipality:311930;municipality;;311930;;;;
municipality:311990;municipality;;311990;;;;
municipality:312020;municipality;;312020;;;;
municipality:312120;municipality;;312120;;;;
municipality:312125;municipality;;312125;;;;
municipality:312230;municipality;;312230;;;;
municipality:312240;municipality;;312240;;;;
municipality:312300;municipality;;312300;;;;
municipality:312360;municipality;;312360;;;;
municipality:312420;municipality;;312420;;;;
municipality:312430;municipality;;312430;;;;
municipality:312510;municipality;;312510;;;;
municipality:312610;municipality;;312610;;;;
municipality:312700;municipality;;312700;;;;
municipality:312710;municipality;;312710;;;;
municipality:312770;municipality;;312770;;;;
municipality:312810;municipality;;312810;;;;
municipality:312840;municipality;;312840;;;;
municipality:312860;municipality;;312860;;;;
municipality:312870;municipality;;312870;;;;
municipality:312890;municipality;;312890;;;;
municipality:312910;municipality;;312910;;;;
municipality:312950;municipality;;312950;;;;
municipality:312970;municipality;;312970;;;;
municipality:312990;municipality;;312990;;;;
municipality:313080;municipality;;313080;;;;
municipality:313130;municipality;;313130;;;;
municipality:313140;municipality;;313140;;;;
municipality:313160;municipality;;313160;;;;
municipality:313210;municipality;;313210;;;;
municipality:313240;municipality;;313240;;;;
municipality:313250;municipality;;313250;;;;
municipality:313290;municipality;;313290;;;;
municipality:313300;municipality;;313300;;;;
municipality:313310;municipality;;313310;;;;
municipality:313340;municipality;;313340;;;;
municipality:313360;municipality;;313360;;;;
municipality:313390;municipality;;313390;;;;
municipality:313420;municipality;;313420;;;;
municipality:313440;municipality;;313440;;;;
municipality:313480;municipality;;313480;;;;
municipality:313490;municipality;;313490;;;;
municipality:313630;municipality;;313630;;;;
municipality:313670;municipality;;313670;;;;
municipality:313750;municipality;;313750;;;;
municipality:313753;municipality;;313753;;;;
municipality:313780;municipality;;313780;;;;
municipality:313820;municipality;;313820;;;;
municipality:313862;municipality;;313862;;;;
municipality:313900;municipality;;313900;;;;
municipality:313930;municipality;;313930;;;;
municipality:314180;municipality;;314180;;;;
municipality:314260;municipality;;314260;;;;
municipality:314270;municipality;;314270;;;;
municipality:314280;municipality;;314280;;;;
municipality:314290;municipality;;314290;;;;
municipality:314310;municipality;;314310;;;;
municipality:314320;municipality;;314320;;;;
municipality:314330;municipality;;314330;;;;
municipality:314340;municipality;;314340;;;;
municipality:314370;municipality;;314370;;;;
municipality:314410;municipality;;314410;;;;
municipality:314510;municipality;;314510;;;;
municipality:314560;municipality;;314560;;;;
municipality:314600;municipality;;314600;;;;
municipality:314655;municipality;;314655;;;;
municipality:314700;municipality;;314700;;;;
municipality:314710;municipality;;314710;;;;
municipality:314720;municipality;;314720;;;;
municipality:314730;municipality;;314730;;;;
municipality:314790;municipality;;314790;;;;
municipality:314795;municipality;;314795;;;;
municipality:314800;municipality;;314800;;;;
municipality:314810;municipality;;314810;;;;
municipality:314870;municipality;;314870;;;;
municipality:314980;municipality;;314980;;;;
municipality:315050;municipality;;315050;;;;
municipality:315070;municipality;;315070;;;;
municipality:315100;municipality;;315100;;;;
municipality:315120;municipality;;315120;;;;
municipality:315160;municipality;;315160;;;;
municipality:315170;municipality;;315170;;;;
municipality:315180;municipality;;315180;;;;
municipality:315213;municipality;;315213;;;;
municipality:315240;municipality;;315240;;;;
municipality:315250;municipality;;315250;;;;
municipality:315260;municipality;;315260;;;;
municipality:315280;municipality;;315280;;;;
municipality:315340;municipality;;315340;;;;
municipality:315420;municipality;;315420;;;;
municipality:315550;municipality;;315550;;;;
municipality:315690;municipality;;315690;;;;
municipality:315770;municipality;;315770;;;;
municipality:315780;municipality;;315780;;;;
municipality:315895;municipality;;315895;;;;
municipality:315920;municipality;;315920;;;;
municipality:315980;municipality;;315980;;;;
municipality:316130;municipality;;316130;;;;
municipality:316170;municipality;;316170;;;;
municipality:316210;municipality;;316210;;;;
municipality:316240;municipality;;316240;;;;
municipality:316250;municipality;;316250;;;;
municipality:316294;municipality;;316294;;;;
municipality:316370;municipality;;316370;;;;
municipality:316470;municipality;;316470;;;;
municipality:316490;municipality;;316490;;;;
municipality:316510;municipality;;316510;;;;
municipality:316530;municipality;;316530;;;;
municipality:316540;municipality;;316540;;;;
municipality:316553;municipality;;316553;;;;
municipality:316557;municipality;;316557;;;;
municipality:316580;municipality;;316580;;;;
municipality:316680;municipality;;316680;;;;
municipality:316690;municipality;;316690;;;;
municipality:316720;municipality;;316720;;;;
municipality:316810;municipality;;316810;;;;
municipality:316860;municipality;;316860;;;;
municipality:316870;municipality;;316870;;;;
municipality:316930;municipality;;316930;;;;
municipality:316940;municipality;;316940;;;;
municipality:316960;municipality;;316960;;;;
municipality:316970;municipality;;316970;;;;
municipality:316990;municipality;;316990;;;;
municipality:317010;municipality;;317010;;;;
municipality:317020;municipality;;317020;;;;
municipality:317040;municipality;;317040;;;;
municipality:317070;municipality;;317070;;;;
municipality:317075;municipality;;317075;;;;
municipality:317090;municipality;;317090;;;;
municipality:317100;municipality;;317100;;;;
municipality:317160;municipality;;317160;;;;
municipality:317170;municipality;;317170;;;;
municipality:320060;municipality;;320060;;;;
municipality:320120;municipality;;320120;;;;
municipality:320130;municipality;;320130;;;;
municipality:320150;municipality;;320150;;;;
municipality:320240;municipality;;320240;;;;
municipality:320245;municipality;;320245;;;;
municipality:320270;municipality;;320270;;;;
municipality:320320;municipality;;320320;;;;
municipality:320370;municipality;;320370;;;;
municipality:320490;municipality;;320490;;;;
municipality:320500;municipality;;320500;;;;
municipality:320520;municipality;;320520;;;;
municipality:320530;municipality;;320530;;;;
municipality:330030;municipality;;330030;;;;
municipality:330045;municipality;;330045;;;;
municipality:330070;municipality;;330070;;;;
municipality:330095;municipality;;330095;;;;
municipality:330170;municipality;;330170;;;;
municipality:330200;municipality;;330200;;;;
municipality:330225;municipality;;330225;;;;
municipality:330240;municipality;;330240;;;;
municipality:330285;municipality;;330285;;;;
municipality:330320;municipality;;330320;;;;
municipality:330340;municipality;;330340;;;;
municipality:330380;municipality;;330380;;;;
municipality:330395;municipality;;330395;;;;
municipality:330420;municipality;;330420;;;;
municipality:330440;municipality;;330440;;;;
municipality:330455;municipality;;330455;;;;
municipality:330460;municipality;;330460;;;;
municipality:330480;municipality;;330480;;;;
municipality:330510;municipality;;330510;;;;
municipality:330520;municipality;;330520;;;;
municipality:330550;municipality;;330550;;;;
municipality:330630;municipality;;330630;;;;
municipality:350010;municipality;;350010;;;;
municipality:350020;municipality;;350020;;;;
municipality:350030;municipality;;350030;;;;
municipality:350040;municipality;;350040;;;;
municipality:350050;municipality;;350050;;;;
municipality:350055;municipality;;350055;;;;
municipality:350060;municipality;;350060;;;;
municipality:350070;municipality;;350070;;;;
municipality:350075;municipality;;350075;;;;
municipality:350080;municipality;;350080;;;;
municipality:350090;municipality;;350090;;;;
municipality:350100;municipality;;350100;;;;
municipality:350110;municipality;;350110;;;;
municipality:350115;municipality;;350115;;;;
municipality:350120;municipality;;350120;;;;
municipality:350130;municipality;;350130;;;;
municipality:350140;municipality;;350140;;;;
municipality:350150;municipality;;350150;;;;
municipality:350160;municipality;;350160;;;;
municipality:350170;municipality;;350170;;;;
municipality:350180;municipality;;350180;;;;
municipality:350190;municipality;;350190;;;;
municipality:350200;municipality;;350200;;;;
municipality:350210;municipality;;350210;;;;
municipality:350220;municipality;;350220;;;;
municipality:350230;municipality;;350230;;;;
municipality:350240;municipality;;350240;;;;
municipality:350250;municipality;;350250;;;;
municipality:350260;municipality;;350260;;;;
municipality:350270;municipality;;350270;;;;
municipality:350275;municipality;;350275;;;;
municipality:350280;municipality;;350280;;;;
municipality:350290;municipality;;350290;;;;
municipality:350300;municipality;;350300;;;;
municipality:350310;municipality;;350310;;;;
municipality:350315;municipality;;350315;;;;
municipality:350320;municipality;;350320;;;;
municipality:350330;municipality;;350330;;;;
municipality:350335;municipality;;350335;;;;
municipality:350340;municipality;;350340;;;;
municipality:350350;municipality;;350350;;;;
municipality:350360;municipality;;350360;;;;
municipality:350370;municipality;;350370;;;;
municipality:350380;municipality;;350380;;;;
municipality:350390;municipality;;350390;;;;
municipality:350395;municipality;;350395;;;;
municipality:350400;municipality;;350400;;;;
municipality:350410;municipality;;350410;;;;
municipality:350420;municipality;;350420;;;;
municipality:350430;municipality;;350430;;;;
municipality:350440;municipality;;350440;;;;
municipality:350450;municipality;;350450;;;;
municipality:350460;municipality;;350460;;;;
municipality:350470;municipality;;350470;;;;
municipality:350480;municipality;;350480;;;;
municipality:350490;municipality;;350490;;;;
municipality:350500;municipality;;350500;;;;
municipality:350510;municipality;;350510;;;;
municipality:350520;municipality;;350520;;;;
municipality:350530;municipality;;350530;;;;
municipality:350535;municipality;;350535;;;;
municipality:350540;municipality;;350540;;;;
municipality:350550;municipality;;350550;;;;
municipality:350560;municipality;;350560;;;;
municipality:350570;municipality;;350570;;;;
municipality:350580;municipality;;350580;;;;
municipality:350590;municipality;;350590;;;;
municipality:350600;municipality;;350600;;;;
municipality:350610;municipality;;350610;;;;
municipality:350620;municipality;;350620;;;;
municipality:350630;municipality;;350630;;;;
municipality:350635;municipality;;350635;;;;
municipality:350640;municipality;;350640;;;;
municipality:350650;municipality;;350650;;;;
municipality:350660;municipality;;350660;;;;
municipality:350670;municipality;;350670;;;;
municipality:350680;municipality;;350680;;;;
municipality:350690;municipality;;350690;;;;
municipality:350700;municipality;;350700;;;;
municipality:350710;municipality;;350710;;;;
municipality:350715;municipality;;350715;;;;
municipality:350720;municipality;;350720;;;;
municipality:350730;municipality;;350730;;;;
municipality:350740;municipality;;350740;;;;
municipality:350745;municipality;;350745;;;;
municipality:350750;municipality;;350750;;;;
municipality:350760;municipality;;350760;;;;
municipality:350770;municipality;;350770;;;;
municipality:350775;municipality;;350775;;;;
municipality:350780;municipality;;350780;;;;
municipality:350790;municipality;;350790;;;;
municipality:350800;municipality;;350800;;;;
municipality:350810;municipality;;350810;;;;
municipality:350820;municipality;;350820;;;;
municipality:350830;municipality;;350830;;;;
municipality:350840;municipality;;350840;;;;
municipality:350850;municipality;;350850;;;;
municipality:350860;municipality;;350860;;;;
municipality:350870;municipality;;350870;;;;
municipality:350880;municipality;;350880;;;;
municipality:350890;municipality;;350890;;;;
municipality:350900;municipality;;350900;;;;
municipality:350910;municipality;;350910;;;;
municipality:350920;municipality;;350920;;;;
municipality:350925;municipality;;350925;;;;
municipality:350930;municipality;;350930;;;;
municipality:350940;municipality;;350940;;;;
municipality:350945;municipality;;350945;;;;
municipality:350950;municipality;;350950;;;;
municipality:350960;municipality;;350960;;;;
municipality:350970;municipality;;350970;;;;
municipality:350980;municipality;;350980;;;;
municipality:350990;municipality;;350990;;;;
municipality:350995;municipality;;350995;;;;
municipality:351000;municipality;;351000;;;;
municipality:351010;municipality;;351010;;;;
municipality:351015;municipality;;351015;;;;
municipality:351020;municipality;;351020;;;;
municipality:351030;municipality;;351030;;;;
municipality:351040;municipality;;351040;;;;
municipality:351050;municipality;;351050;;;;
municipality:351060;municipality;;351060;;;;
municipality:351070;municipality;;351070;;;;
municipality:351080;municipality;;351080;;;;
municipality:351090;municipality;;351090;;;;
municipality:351100;municipality;;351100;;;;
municipality:351110;municipality;;351110;;;;
municipality:351120;municipality;;351120;;;;
municipality:351130;municipality;;351130;;;;
municipality:351140;municipality;;351140;;;;
municipality:351150;municipality;;351150;;;;
municipality:351160;municipality;;351160;;;;
municipality:351170;municipality;;351170;;;;
municipality:351190;municipality;;351190;;;;
municipality:351200;municipality;;351200;;;;
municipality:351210;municipality;;351210;;;;
municipality:351220;municipality;;351220;;;;
municipality:351230;municipality;;351230;;;;
municipality:351240;municipality;;351240;;;;
municipality:351250;municipality;;351250;;;;
municipality:351260;municipality;;351260;;;;
municipality:351270;municipality;;351270;;;;
municipality:351280;municipality;;351280;;;;
municipality:351290;municipality;;351290;;;;
municipality:351300;municipality;;351300;;;;
municipality:351310;municipality;;351310;;;;
municipality:351320;municipality;;351320;;;;
municipality:351330;municipality;;351330;;;;
municipality:351340;municipality;;351340;;;;
municipality:351350;municipality;;351350;;;;
municipality:351360;municipality;;351360;;;;
municipality:351370;municipality;;351370;;;;
municipality:351380;municipality;;351380;;;;
municipality:351385;municipality;;351385;;;;
municipality:351390;municipality;;351390;;;;
municipality:351400;municipality;;351400;;;;
municipality:351410;municipality;;351410;;;;
municipality:351420;municipality;;351420;;;;
municipality:351430;municipality;;351430;;;;
municipality:351440;municipality;;351440;;;;
municipality:351450;municipality;;351450;;;;
municipality:351460;municipality;;351460;;;;
municipality:351470;municipality;;351470;;;;
municipality:351480;municipality;;351480;;;;
municipality:351490;municipality;;351490;;;;
municipality:351492;municipality;;351492;;;;
municipality:351495;municipality;;351495;;;;
municipality:351500;municipality;;351500;;;;
municipality:351510;municipality;;351510;;;;
municipality:351512;municipality;;351512;;;;
municipality:351515;municipality;;351515;;;;
municipality:351518;municipality;;351518;;;;
municipality:351519;municipality;;351519;;;;
municipality:351520;municipality;;351520;;;;
municipality:351530;municipality;;351530;;;;
municipality:351535;municipality;;351535;;;;
municipality:351540;municipality;;351540;;;;
municipality:351550;municipality;;351550;;;;
municipality:351560;municipality;;351560;;;;
municipality:351565;municipality;;351565;;;;
municipality:351570;municipality;;351570;;;;
municipality:351580;municipality;;351580;;;;
municipality:351590;municipality;;351590;;;;
municipality:351600;municipality;;351600;;;;
municipality:351610;municipality;;351610;;;;
municipality:351620;municipality;;351620;;;;
municipality:351630;municipality;;351630;;;;
municipality:351640;municipality;;351640;;;;
municipality:351650;municipality;;351650;;;;
municipality:351660;municipality;;351660;;;;
municipality:351670;municipality;;351670;;;;
municipality:351680;municipality;;351680;;;;
municipality:351685;municipality;;351685;;;;
municipality:351690;municipality;;351690;;;;
municipality:351700;municipality;;351700;;;;
municipality:351710;municipality;;351710;;;;
municipality:351720;municipality;;351720;;;;
municipality:351730;municipality;;351730;;;;
municipality:351740;municipality;;351740;;;;
municipality:351750;municipality;;351750;;;;
municipality:351760;municipality;;351760;;;;
municipality:351770;municipality;;351770;;;;
municipality:351780;municipality;;351780;;;;
municipality:351790;municipality;;351790;;;;
municipality:351800;municipality;;351800;;;;
municipality:351810;municipality;;351810;;;;
municipality:351820;municipality;;351820;;;;
municipality:351830;municipality;;351830;;;;
municipality:351840;municipality;;351840;;;;
municipality:351850;municipality;;351850;;;;
municipality:351860;municipality;;351860;;;;
municipality:351870;municipality;;351870;;;;
municipality:351880;municipality;;351880;;;;
municipality:351885;municipality;;351885;;;;
municipality:351890;municipality;;351890;;;;
municipality:351900;municipality;;351900;;;;
municipality:351905;municipality;;351905;;;;
municipality:351907;municipality;;351907;;;;
municipality:351910;municipality;;351910;;;;
municipality:351920;municipality;;351920;;;;
municipality:351925;municipality;;351925;;;;
municipality:351930;municipality;;351930;;;;
municipality:351940;municipality;;351940;;;;
municipality:351950;municipality;;351950;;;;
municipality:351960;municipality;;351960;;;;
municipality:351970;municipality;;351970;;;;
municipality:351980;municipality;;351980;;;;
municipality:351990;municipality;;351990;;;;
municipality:352000;municipality;;352000;;;;
municipality:352010;municipality;;352010;;;;
municipality:352020;municipality;;352020;;;;
municipality:352030;municipality;;352030;;;;
municipality:352040;municipality;;352040;;;;
municipality:352042;municipality;;352042;;;;
municipality:352044;municipality;;352044;;;;
municipality:352050;municipality;;352050;;;;
municipality:352060;municipality;;352060;;;;
municipality:352070;municipality;;352070;;;;
municipality:352080;municipality;;352080;;;;
municipality:352090;municipality;;352090;;;;
municipality:352100;municipality;;352100;;;;
municipality:352110;municipality;;352110;;;;
municipality:352115;municipality;;352115;;;;
municipality:352120;municipality;;352120;;;;
municipality:352130;municipality;;352130;;;;
municipality:352140;municipality;;352140;;;;
municipality:352150;municipality;;352150;;;;
municipality:352160;municipality;;352160;;;;
municipality:352170;municipality;;352170;;;;
municipality:352180;municipality;;352180;;;;
municipality:352190;municipality;;352190;;;;
municipality:352200;municipality;;352200;;;;
municipality:352210;municipality;;352210;;;;
municipality:352215;municipality;;352215;;;;
municipality:352220;municipality;;352220;;;;
municipality:352230;municipality;;352230;;;;
municipality:352240;municipality;;352240;;;;
municipality:352250;municipality;;352250;;;;
municipality:352260;municipality;;352260;;;;
municipality:352265;municipality;;352265;;;;
municipality:352270;municipality;;352270;;;;
municipality:352280;municipality;;352280;;;;
municipality:352290;municipality;;352290;;;;
municipality:352300;municipality;;352300;;;;
municipality:352310;municipality;;352310;;;;
municipality:352320;municipality;;352320;;;;
municipality:352330;municipality;;352330;;;;
municipality:352340;municipality;;352340;;;;
municipality:352350;municipality;;352350;;;;
municipality:352360;municipality;;352360;;;;
municipality:352370;municipality;;352370;;;;
municipality:352380;municipality;;352380;;;;
municipality:352390;municipality;;352390;;;;
municipality:352400;municipality;;352400;;;;
municipality:352410;municipality;;352410;;;;
municipality:352420;municipality;;352420;;;;
municipality:352430;municipality;;352430;;;;
municipality:352440;municipality;;352440;;;;
municipality:352450;municipality;;352450;;;;
municipality:352460;municipality;;352460;;;;
municipality:352470;municipality;;352470;;;;
municipality:352480;municipality;;352480;;;;
municipality:352490;municipality;;352490;;;;
municipality:352500;municipality;;352500;;;;
municipality:352510;municipality;;352510;;;;
municipality:352520;municipality;;352520;;;;
municipality:352530;municipality;;352530;;;;
municipality:352540;municipality;;352540;;;;
municipality:352550;municipality;;352550;;;;
municipality:352560;municipality;;352560;;;;
municipality:352570;municipality;;352570;;;;
municipality:352580;municipality;;352580;;;;
municipality:352585;municipality;;352585;;;;
municipality:352590;municipality;;352590;;;;
municipality:352600;municipality;;352600;;;;
municipality:352610;municipality;;352610;;;;
municipality:352620;municipality;;352620;;;;
municipality:352630;municipality;;352630;;;;
municipality:352640;municipality;;352640;;;;
municipality:352650;municipality;;352650;;;;
municipality:352660;municipality;;352660;;;;
municipality:352670;municipality;;352670;;;;
municipality:352680;municipality;;352680;;;;
municipality:352690;municipality;;352690;;;;
municipality:352700;municipality;;352700;;;;
municipality:352710;municipality;;352710;;;;
municipality:352720;municipality;;352720;;;;
municipality:352725;municipality;;352725;;;;
municipality:352730;municipality;;352730;;;;
municipality:352740;municipality;;352740;;;;
municipality:352750;municipality;;352750;;;;
municipality:352760;municipality;;352760;;;;
municipality:352770;municipality;;352770;;;;
municipality:352780;municipality;;352780;;;;
municipality:352790;municipality;;352790;;;;
municipality:352800;municipality;;352800;;;;
municipality:352810;municipality;;352810;;;;
municipality:352820;municipality;;352820;;;;
municipality:352830;municipality;;352830;;;;
municipality:352840;municipality;;352840;;;;
municipality:352850;municipality;;352850;;;;
municipality:352860;municipality;;352860;;;;
municipality:352870;municipality;;352870;;;;
municipality:352880;municipality;;352880;;;;
municipality:352885;municipality;;352885;;;;
municipality:352890;municipality;;352890;;;;
municipality:352900;municipality;;352900;;;;
municipality:352910;municipality;;352910;;;;
municipality:352920;municipality;;352920;;;;
municipality:352930;municipality;;352930;;;;
municipality:352940;municipality;;352940;;;;
municipality:352950;municipality;;352950;;;;
municipality:352960;municipality;;352960;;;;
municipality:352965;municipality;;352965;;;;
municipality:352970;municipality;;352970;;;;
municipality:352980;municipality;;352980;;;;
municipality:352990;municipality;;352990;;;;
municipality:353000;municipality;;353000;;;;
municipality:353010;municipality;;353010;;;;
municipality:353020;municipality;;353020;;;;
municipality:353030;municipality;;353030;;;;
municipality:353040;municipality;;353040;;;;
municipality:353050;municipality;;353050;;;;
municipality:353060;municipality;;353060;;;;
municipality:353070;municipality;;353070;;;;
municipality:353080;municipality;;353080;;;;
municipality:353090;municipality;;353090;;;;
municipality:353100;municipality;;353100;;;;
municipality:353110;municipality;;353110;;;;
municipality:353120;municipality;;353120;;;;
municipality:353130;municipality;;353130;;;;
municipality:353140;municipality;;353140;;;;
municipality:353150;municipality;;353150;;;;
municipality:353160;municipality;;353160;;;;
municipality:353170;municipality;;353170;;;;
municipality:353180;municipality;;353180;;;;
municipality:353190;municipality;;353190;;;;
municipality:353200;municipality;;353200;;;;
municipality:353205;municipality;;353205;;;;
municipality:353210;municipality;;353210;;;;
municipality:353215;municipality;;353215;;;;
municipality:353220;municipality;;353220;;;;
municipality:353230;municipality;;353230;;;;
municipality:353240;municipality;;353240;;;;
municipality:353250;municipality;;353250;;;;
municipality:353260;municipality;;353260;;;;
municipality:353270;municipality;;353270;;;;
municipality:353280;municipality;;353280;;;;
municipality:353282;municipality;;353282;;;;
municipality:353284;municipality;;353284;;;;
municipality:353286;municipality;;353286;;;;
municipality:353290;municipality;;353290;;;;
municipality:353300;municipality;;353300;;;;
municipality:353310;municipality;;353310;;;;
municipality:353320;municipality;;353320;;;;
municipality:353325;municipality;;353325;;;;
municipality:353330;municipality;;353330;;;;
municipality:353340;municipality;;353340;;;;
municipality:353350;municipality;;353350;;;;
municipality:353360;municipality;;353360;;;;
municipality:353370;municipality;;353370;;;;
municipality:353380;municipality;;353380;;;;
municipality:353390;municipality;;353390;;;;
municipality:353400;municipality;;353400;;;;
municipality:353410;municipality;;353410;;;;
municipality:353420;municipality;;353420;;;;
municipality:353430;municipality;;353430;;;;
municipality:353440;municipality;;353440;;;;
municipality:353450;municipality;;353450;;;;
municipality:353460;municipality;;353460;;;;
municipality:353470;municipality;;353470;;;;
municipality:353475;municipality;;353475;;;;
municipality:353480;municipality;;353480;;;;
municipality:353490;municipality;;353490;;;;
municipality:353500;municipality;;353500;;;;
municipality:353510;municipality;;353510;;;;
municipality:353520;municipality;;353520;;;;
municipality:353530;municipality;;353530;;;;
municipality:353540;municipality;;353540;;;;
municipality:353550;municipality;;353550;;;;
municipality:353560;municipality;;353560;;;;
municipality:353570;municipality;;353570;;;;
municipality:353580;municipality;;353580;;;;
municipality:353590;municipality;;353590;;;;
municipality:353600;municipality;;353600;;;;
municipality:353610;municipality;;353610;;;;
municipality:353620;municipality;;353620;;;;
municipality:353625;municipality;;353625;;;;
municipality:353630;municipality;;353630;;;;
municipality:353640;municipality;;353640;;;;
municipality:353650;municipality;;353650;;;;
municipality:353657;municipality;;353657;;;;
municipality:353660;municipality;;353660;;;;
municipality:353670;municipality;;353670;;;;
municipality:353680;municipality;;353680;;;;
municipality:353690;municipality;;353690;;;;
municipality:353700;municipality;;353700;;;;
municipality:353710;municipality;;353710;;;;
municipality:353715;municipality;;353715;;;;
municipality:353720;municipality;;353720;;;;
municipality:353730;municipality;;353730;;;;
municipality:353740;municipality;;353740;;;;
municipality:353750;municipality;;353750;;;;
municipality:353760;municipality;;353760;;;;
municipality:353770;municipality;;353770;;;;
municipality:353780;municipality;;353780;;;;
municipality:353790;municipality;;353790;;;;
municipality:353800;municipality;;353800;;;;
municipality:353810;municipality;;353810;;;;
municipality:353820;municipality;;353820;;;;
municipality:353830;municipality;;353830;;;;
municipality:353850;municipality;;353850;;;;
municipality:353860;municipality;;353860;;;;
municipality:353870;municipality;;353870;;;;
municipality:353880;municipality;;353880;;;;
municipality:353890;municipality;;353890;;;;
municipality:353900;municipality;;353900;;;;
municipality:353910;municipality;;353910;;;;
municipality:353920;municipality;;353920;;;;
municipality:353930;municipality;;353930;;;;
municipality:353940;municipality;;353940;;;;
municipality:353950;municipality;;353950;;;;
municipality:353960;municipality;;353960;;;;
municipality:353970;municipality;;353970;;;;
municipality:353980;municipality;;353980;;;;
municipality:353990;municipality;;353990;;;;
municipality:354000;municipality;;354000;;;;
municipality:354010;municipality;;354010;;;;
municipality:354020;municipality;;354020;;;;
municipality:354025;municipality;;354025;;;;
municipality:354030;municipality;;354030;;;;
municipality:354040;municipality;;354040;;;;
municipality:354050;municipality;;354050;;;;
municipality:354060;municipality;;354060;;;;
municipality:354070;municipality;;354070;;;;
municipality:354075;municipality;;354075;;;;
municipality:354080;municipality;;354080;;;;
municipality:354085;municipality;;354085;;;;
municipality:354090;municipality;;354090;;;;
municipality:354100;municipality;;354100;;;;
municipality:354105;municipality;;354105;;;;
municipality:354110;municipality;;354110;;;;
municipality:354120;municipality;;354120;;;;
municipality:354130;municipality;;354130;;;;
municipality:354140;municipality;;354140;;;;
municipality:354150;municipality;;354150;;;;
municipality:354160;municipality;;354160;;;;
municipality:354165;municipality;;354165;;;;
municipality:354170;municipality;;354170;;;;
municipality:354180;municipality;;354180;;;;
municipality:354190;municipality;;354190;;;;
municipality:354200;municipality;;354200;;;;
municipality:354210;municipality;;354210;;;;
municipality:354220;municipality;;354220;;;;
municipality:354230;municipality;;354230;;;;
municipality:354240;municipality;;354240;;;;
municipality:354250;municipality;;354250;;;;
municipality:354260;municipality;;354260;;;;
municipality:354270;municipality;;354270;;;;
municipality:354280;municipality;;354280;;;;
municipality:354290;municipality;;354290;;;;
municipality:354300;municipality;;354300;;;;
municipality:354310;municipality;;354310;;;;
municipality:354320;municipality;;354320;;;;
municipality:354323;municipality;;354323;;;;
municipality:354325;municipality;;354325;;;;
municipality:354330;municipality;;354330;;;;
municipality:354340;municipality;;354340;;;;
municipality:354350;municipality;;354350;;;;
municipality:354360;municipality;;354360;;;;
municipality:354370;municipality;;354370;;;;
municipality:354380;municipality;;354380;;;;
municipality:354390;municipality;;354390;;;;
municipality:354400;municipality;;354400;;;;
municipality:354410;municipality;;354410;;;;
municipality:354420;municipality;;354420;;;;
municipality:354425;municipality;;354425;;;;
municipality:354430;municipality;;354430;;;;
municipality:354440;municipality;;354440;;;;
municipality:354450;municipality;;354450;;;;
municipality:354460;municipality;;354460;;;;
municipality:354470;municipality;;354470;;;;
municipality:354480;municipality;;354480;;;;
municipality:354490;municipality;;354490;;;;
municipality:354500;municipality;;354500;;;;
municipality:354510;municipality;;354510;;;;
municipality:354515;municipality;;354515;;;;
municipality:354520;municipality;;354520;;;;
municipality:354530;municipality;;354530;;;;
municipality:354540;municipality;;354540;;;;
municipality:354550;municipality;;354550;;;;
municipality:354560;municipality;;354560;;;;
municipality:354570;municipality;;354570;;;;
municipality:354580;municipality;;354580;;;;
municipality:354600;municipality;;354600;;;;
municipality:354610;municipality;;354610;;;;
municipality:354620;municipality;;354620;;;;
municipality:354625;municipality;;354625;;;;
municipality:354630;municipality;;354630;;;;
municipality:354640;municipality;;354640;;;;
municipality:354650;municipality;;354650;;;;
municipality:354660;municipality;;354660;;;;
municipality:354670;municipality;;354670;;;;
municipality:354680;municipality;;354680;;;;
municipality:354690;municipality;;354690;;;;
municipality:354700;municipality;;354700;;;;
municipality:354710;municipality;;354710;;;;
municipality:354720;municipality;;354720;;;;
municipality:354730;municipality;;354730;;;;
municipality:354740;municipality;;354740;;;;
municipality:354750;municipality;;354750;;;;
municipality:354760;municipality;;354760;;;;
municipality:354765;municipality;;354765;;;;
municipality:354770;municipality;;354770;;;;
municipality:354780;municipality;;354780;;;;
municipality:354790;municipality;;354790;;;;
municipality:354800;municipality;;354800;;;;
municipality:354805;municipality;;354805;;;;
municipality:354810;municipality;;354810;;;;
municipality:354820;municipality;;354820;;;;
municipality:354830;municipality;;354830;;;;
municipality:354840;municipality;;354840;;;;
municipality:354850;municipality;;354850;;;;
municipality:354860;municipality;;354860;;;;
municipality:354870;municipality;;354870;;;;
municipality:354880;municipality;;354880;;;;
municipality:354890;municipality;;354890;;;;
municipality:354900;municipality;;354900;;;;
municipality:354910;municipality;;354910;;;;
municipality:354920;municipality;;354920;;;;
municipality:354925;municipality;;354925;;;;
municipality:354930;municipality;;354930;;;;
municipality:354940;municipality;;354940;;;;
municipality:354950;municipality;;354950;;;;
municipality:354960;municipality;;354960;;;;
municipality:354970;municipality;;354970;;;;
municipality:354980;municipality;;354980;;;;
municipality:354990;municipality;;354990;;;;
municipality:354995;municipality;;354995;;;;
municipality:355000;municipality;;355000;;;;
municipality:355010;municipality;;355010;;;;
municipality:355020;municipality;;355020;;;;
municipality:355030;municipality;;355030;;;;
municipality:355040;municipality;;355040;;;;
municipality:355050;municipality;;355050;;;;
municipality:355060;municipality;;355060;;;;
municipality:355070;municipality;;355070;;;;
municipality:355080;municipality;;355080;;;;
municipality:355090;municipality;;355090;;;;
municipality:355100;municipality;;355100;;;;
municipality:355110;municipality;;355110;;;;
municipality:355120;municipality;;355120;;;;
municipality:355130;municipality;;355130;;;;
municipality:355140;municipality;;355140;;;;
municipality:355150;municipality;;355150;;;;
municipality:355160;municipality;;355160;;;;
municipality:355170;municipality;;355170;;;;
municipality:355180;municipality;;355180;;;;
municipality:355190;municipality;;355190;;;;
municipality:355200;municipality;;355200;;;;
municipality:355210;municipality;;355210;;;;
municipality:355220;municipality;;355220;;;;
municipality:355230;municipality;;355230;;;;
municipality:355240;municipality;;355240;;;;
municipality:355250;municipality;;355250;;;;
municipality:355255;municipality;;355255;;;;
municipality:355260;municipality;;355260;;;;
municipality:355270;municipality;;355270;;;;
municipality:355280;municipality;;355280;;;;
municipality:355290;municipality;;355290;;;;
municipality:355300;municipality;;355300;;;;
municipality:355310;municipality;;355310;;;;
municipality:355320;municipality;;355320;;;;
municipality:355330;municipality;;355330;;;;
municipality:355340;municipality;;355340;;;;
municipality:355350;municipality;;355350;;;;
municipality:355360;municipality;;355360;;;;
municipality:355365;municipality;;355365;;;;
municipality:355370;municipality;;355370;;;;
municipality:355380;municipality;;355380;;;;
municipality:355385;municipality;;355385;;;;
municipality:355390;municipality;;355390;;;;
municipality:355395;municipality;;355395;;;;
municipality:355400;municipality;;355400;;;;
municipality:355410;municipality;;355410;;;;
municipality:355420;municipality;;355420;;;;
municipality:355430;municipality;;355430;;;;
municipality:355440;municipality;;355440;;;;
municipality:355450;municipality;;355450;;;;
municipality:355460;municipality;;355460;;;;
municipality:355465;municipality;;355465;;;;
municipality:355470;municipality;;355470;;;;
municipality:355475;municipality;;355475;;;;
municipality:355480;municipality;;355480;;;;
municipality:355490;municipality;;355490;;;;
municipality:355495;municipality;;355495;;;;
municipality:355500;municipality;;355500;;;;
municipality:355510;municipality;;355510;;;;
municipality:355520;municipality;;355520;;;;
municipality:355530;municipality;;355530;;;;
municipality:355535;municipality;;355535;;;;
municipality:355540;municipality;;355540;;;;
municipality:355550;municipality;;355550;;;;
municipality:355560;municipality;;355560;;;;
municipality:355570;municipality;;355570;;;;
municipality:355580;municipality;;355580;;;;
municipality:355590;municipality;;355590;;;;
municipality:355600;municipality;;355600;;;;
municipality:355610;municipality;;355610;;;;
municipality:355620;municipality;;355620;;;;
municipality:355630;municipality;;355630;;;;
municipality:355635;municipality;;355635;;;;
municipality:355640;municipality;;355640;;;;
municipality:355645;municipality;;355645;;;;
municipality:355650;municipality;;355650;;;;
municipality:355660;municipality;;355660;;;;
municipality:355670;municipality;;355670;;;;
municipality:355680;municipality;;355680;;;;
municipality:355690;municipality;;355690;;;;
municipality:355695;municipality;;355695;;;;
municipality:355700;municipality;;355700;;;;
municipality:355710;municipality;;355710;;;;
municipality:355715;municipality;;355715;;;;
municipality:355720;municipality;;355720;;;;
municipality:355730;municipality;;355730;;;;
municipality:410020;municipality;;410020;;;;
municipality:410140;municipality;;410140;;;;
municipality:410180;municipality;;410180;;;;
municipality:410220;municipality;;410220;;;;
municipality:410240;municipality;;410240;;;;
municipality:410480;municipality;;410480;;;;
municipality:410550;municipality;;410550;;;;
municipality:410640;municipality;;410640;;;;
municipality:410650;municipality;;410650;;;;
municipality:410690;municipality;;410690;;;;
municipality:410710;municipality;;410710;;;;
municipality:410730;municipality;;410730;;;;
municipality:410765;municipality;;410765;;;;
municipality:410830;municipality;;410830;;;;
municipality:410880;municipality;;410880;;;;
municipality:410940;municipality;;410940;;;;
municipality:410980;municipality;;410980;;;;
municipality:411050;municipality;;411050;;;;
municipality:411140;municipality;;411140;;;;
municipality:411150;municipality;;411150;;;;
municipality:411180;municipality;;411180;;;;
municipality:411190;municipality;;411190;;;;
municipality:411230;municipality;;411230;;;;
municipality:411290;municipality;;411290;;;;
municipality:411350;municipality;;411350;;;;
municipality:411370;municipality;;411370;;;;
municipality:411520;municipality;;411520;;;;
municipality:411560;municipality;;411560;;;;
municipality:411690;municipality;;411690;;;;
municipality:411790;municipality;;411790;;;;
municipality:411840;municipality;;411840;;;;
municipality:411980;municipality;;411980;;;;
municipality:411990;municipality;;411990;;;;
municipality:412100;municipality;;412100;;;;
municipality:412240;municipality;;412240;;;;
municipality:412320;municipality;;412320;;;;
municipality:412330;municipality;;412330;;;;
municipality:412400;municipality;;412400;;;;
municipality:412410;municipality;;412410;;;;
municipality:412625;municipality;;412625;;;;
municipality:412630;municipality;;412630;;;;
municipality:412680;municipality;;412680;;;;
municipality:412710;municipality;;412710;;;;
municipality:412770;municipality;;412770;;;;
municipality:412810;municipality;;412810;;;;
municipality:420240;municipality;;420240;;;;
municipality:420280;municipality;;420280;;;;
municipality:420290;municipality;;420290;;;;
municipality:420430;municipality;;420430;;;;
municipality:420460;municipality;;420460;;;;
municipality:420540;municipality;;420540;;;;
municipality:420550;municipality;;420550;;;;
municipality:420700;municipality;;420700;;;;
municipality:420820;municipality;;420820;;;;
municipality:420890;municipality;;420890;;;;
municipality:420910;municipality;;420910;;;;
municipality:420930;municipality;;420930;;;;
municipality:421050;municipality;;421050;;;;
municipality:421130;municipality;;421130;;;;
municipality:421190;municipality;;421190;;;;
municipality:421250;municipality;;421250;;;;
municipality:421290;municipality;;421290;;;;
municipality:421480;municipality;;421480;;;;
municipality:421580;municipality;;421580;;;;
municipality:421630;municipality;;421630;;;;
municipality:421650;municipality;;421650;;;;
municipality:421690;municipality;;421690;;;;
municipality:421820;municipality;;421820;;;;
municipality:421970;municipality;;421970;;;;
municipality:430105;municipality;;430105;;;;
municipality:430510;municipality;;430510;;;;
municipality:430770;municipality;;430770;;;;
municipality:431310;municipality;;431310;;;;
municipality:431337;municipality;;431337;;;;
municipality:431410;municipality;;431410;;;;
municipality:431710;municipality;;431710;;;;
municipality:432250;municipality;;432250;;;;
municipality:500020;municipality;;500020;;;;
municipality:500025;municipality;;500025;;;;
municipality:500060;municipality;;500060;;;;
municipality:500080;municipality;;500080;;;;
municipality:500085;municipality;;500085;;;;
municipality:500100;municipality;;500100;;;;
municipality:500110;municipality;;500110;;;;
municipality:500190;municipality;;500190;;;;
municipality:500200;municipality;;500200;;;;
municipality:500210;municipality;;500210;;;;
municipality:500220;municipality;;500220;;;;
municipality:500230;municipality;;500230;;;;
municipality:500270;municipality;;500270;;;;
municipality:500280;municipality;;500280;;;;
municipality:500290;municipality;;500290;;;;
municipality:500295;municipality;;500295;;;;
municipality:500315;municipality;;500315;;;;
municipality:500320;municipality;;500320;;;;
municipality:500325;municipality;;500325;;;;
municipality:500345;municipality;;500345;;;;
municipality:500348;municipality;;500348;;;;
municipality:500370;municipality;;500370;;;;
municipality:500400;municipality;;500400;;;;
municipality:500450;municipality;;500450;;;;
municipality:500460;municipality;;500460;;;;
municipality:500470;municipality;;500470;;;;
municipality:500500;municipality;;500500;;;;
municipality:500510;municipality;;500510;;;;
municipality:500520;municipality;;500520;;;;
municipality:500540;municipality;;500540;;;;
municipality:500600;municipality;;500600;;;;
municipality:500620;municipality;;500620;;;;
municipality:500630;municipality;;500630;;;;
municipality:500660;municipality;;500660;;;;
municipality:500720;municipality;;500720;;;;
municipality:500769;municipality;;500769;;;;
municipality:500780;municipality;;500780;;;;
municipality:500790;municipality;;500790;;;;
municipality:500830;municipality;;500830;;;;
municipality:510020;municipality;;510020;;;;
municipality:510025;municipality;;510025;;;;
municipality:510060;municipality;;510060;;;;
municipality:510180;municipality;;510180;;;;
municipality:510250;municipality;;510250;;;;
municipality:510267;municipality;;510267;;;;
municipality:510330;municipality;;510330;;;;
municipality:510340;municipality;;510340;;;;
municipality:510390;municipality;;510390;;;;
municipality:510452;municipality;;510452;;;;
municipality:510460;municipality;;510460;;;;
municipality:510510;municipality;;510510;;;;
municipality:510525;municipality;;510525;;;;
municipality:510558;municipality;;510558;;;;
municipality:510615;municipality;;510615;;;;
municipality:510625;municipality;;510625;;;;
municipality:510627;municipality;;510627;;;;
municipality:510628;municipality;;510628;;;;
municipality:510629;municipality;;510629;;;;
municipality:510675;municipality;;510675;;;;
municipality:510680;municipality;;510680;;;;
municipality:510706;municipality;;510706;;;;
municipality:510710;municipality;;510710;;;;
municipality:510719;municipality;;510719;;;;
municipality:510720;municipality;;510720;;;;
municipality:510760;municipality;;510760;;;;
municipality:510790;municipality;;510790;;;;
municipality:510794;municipality;;510794;;;;
municipality:510795;municipality;;510795;;;;
municipality:510805;municipality;;510805;;;;
municipality:510840;municipality;;510840;;;;
municipality:520013;municipality;;520013;;;;
municipality:520110;municipality;;520110;;;;
municipality:520140;municipality;;520140;;;;
municipality:520150;municipality;;520150;;;;
municipality:520170;municipality;;520170;;;;
municipality:520180;municipality;;520180;;;;
municipality:520390;municipality;;520390;;;;
municipality:520410;municipality;;520410;;;;
municipality:520425;municipality;;520425;;;;
municipality:520430;municipality;;520430;;;;
municipality:520440;municipality;;520440;;;;
municipality:520450;municipality;;520450;;;;
municipality:520480;municipality;;520480;;;;
municipality:520510;municipality;;520510;;;;
municipality:520530;municipality;;520530;;;;
municipality:520590;municipality;;520590;;;;
municipality:520620;municipality;;520620;;;;
municipality:520725;municipality;;520725;;;;
municipality:520870;municipality;;520870;;;;
municipality:520910;municipality;;520910;;;;
municipality:520915;municipality;;520915;;;;
municipality:520970;municipality;;520970;;;;
municipality:520995;municipality;;520995;;;;
municipality:521040;municipality;;521040;;;;
municipality:521080;municipality;;521080;;;;
municipality:521130;municipality;;521130;;;;
municipality:521150;municipality;;521150;;;;
municipality:521180;municipality;;521180;;;;
municipality:521190;municipality;;521190;;;;
municipality:521210;municipality;;521210;;;;
municipality:521220;municipality;;521220;;;;
municipality:521250;municipality;;521250;;;;
municipality:521300;municipality;;521300;;;;
municipality:521310;municipality;;521310;;;;
municipality:521375;municipality;;521375;;;;
municipality:521380;municipality;;521380;;;;
municipality:521630;municipality;;521630;;;;
municipality:521710;municipality;;521710;;;;
municipality:521720;municipality;;521720;;;;
municipality:521805;municipality;;521805;;;;
municipality:521850;municipality;;521850;;;;
municipality:521878;municipality;;521878;;;;
municipality:521880;municipality;;521880;;;;
municipality:521930;municipality;;521930;;;;
municipality:521940;municipality;;521940;;;;
municipality:522040;municipality;;522040;;;;
municipality:522045;municipality;;522045;;;;
municipality:522050;municipality;;522050;;;;
municipality:522060;municipality;;522060;;;;
municipality:522140;municipality;;522140;;;;
municipality:530010;municipality;;530010;;;;
